customer_id,txn_count,total_amount,avg_amount,max_amount,unique_counterparties,velocity_mean,velocity_max,fan_out,segment,seg_avg_amount,seg_avg_count,amount_deviation,count_deviation,anomaly_score,is_anomaly,R_e,high_risk
CUST_00000,7,5395.7,770.8142857142857,5059.74,7,1.0,1,7,Retail,4601.039833835117,10.101639344262296,-0.8324695472361828,-0.3070431374072844,-0.18553663586560715,False,0.03702244346077572,False
CUST_00001,8,3612.37,451.54625,2211.48,8,1.0,1,8,Small Business,3107.062346840979,9.364583333333334,-0.8546710041677251,-0.14571744828823696,-0.18748074076540566,False,0.03278547736690906,False
CUST_00002,3,2282.86,760.9533333333334,2188.04,3,1.0,1,3,Retail,4601.039833835117,10.101639344262296,-0.83461274806359,-0.7030184308923657,0.01732510748010152,True,0.47913764433678135,False
CUST_00003,17,23550.9,1385.3470588235296,10542.59,16,1.0,1,16,Retail,4601.039833835117,10.101639344262296,-0.6989056583829435,0.6828950963054189,-0.07234851387900199,False,0.28370369771582726,False
CUST_00004,5,1234.3999999999999,246.87999999999997,1118.55,5,1.0,1,5,Retail,4601.039833835117,10.101639344262296,-0.9463425638850511,-0.505030784149825,-0.13230159922328277,False,0.15304244077812915,False
CUST_00005,7,4182.63,597.5185714285715,2192.23,7,1.0,1,7,Small Business,3107.062346840979,9.364583333333334,-0.8076901891448133,-0.25250275390404414,-0.18456236263110115,False,0.03914576646726139,False
CUST_00006,11,14481.119999999999,1316.4654545454543,9340.15,10,1.0,1,10,HNW,2351.45646732191,10.303030303030303,-0.4401489148191909,0.06764705225778614,-0.19233198323436573,False,0.022212719767131378,False
CUST_00007,9,4382.66,486.9622222222222,2005.37,9,1.0,1,9,Retail,4601.039833835117,10.101639344262296,-0.8941625717874983,-0.10905549066474375,-0.20015406032277794,False,0.005165349838354123,False
CUST_00008,8,7462.19,932.77375,5795.63,8,1.0,1,8,Retail,4601.039833835117,10.101639344262296,-0.7972689251812516,-0.2080493140360141,-0.18983357728991906,False,0.02765772496023208,False
CUST_00009,11,2803.19,254.83545454545455,1311.25,10,1.0,1,10,Retail,4601.039833835117,10.101639344262296,-0.9446135080996125,0.08893215607779689,-0.1906564392690252,False,0.025864386387932793,False
CUST_00010,10,15499.47,1549.947,14565.51,10,1.0,1,10,HNW,2351.45646732191,10.303030303030303,-0.34085660445753363,-0.029411761851211325,-0.19010458914106665,False,0.027067083979661864,False
CUST_00011,14,112266.19,8019.013571428572,76333.33,13,1.0,1,13,HNW,2351.45646732191,10.303030303030303,2.410232628355331,0.3588234945847785,-0.08470465257950632,False,0.25677483151597547,False
CUST_00012,14,8490.98,606.4985714285714,3896.88,13,1.0,1,13,Retail,4601.039833835117,10.101639344262296,-0.8681822817884153,0.3859136261916079,-0.16291651145812974,False,0.08632055497906888,False
CUST_00013,9,38070.009999999995,4230.001111111111,34743.84,9,1.0,1,9,Retail,4601.039833835117,10.101639344262296,-0.08064236260569188,-0.10905549066474375,-0.16313799334958295,False,0.08583785918184622,False
CUST_00014,10,1782.31,178.231,935.85,10,1.1111111111111112,2,10,Retail,4601.039833835117,10.101639344262296,-0.9612628867825511,-0.010061667293473428,0.049751871089133703,True,0.5498082639929212,False
CUST_00015,9,19668.579999999998,2185.3977777777777,17265.18,8,1.0,1,8,Retail,4601.039833835117,10.101639344262296,-0.5250208958784001,-0.10905549066474375,-0.1664288920983807,False,0.07866570174402006,False
CUST_00016,11,8611.36,782.8509090909091,6898.92,11,1.0,1,11,Retail,4601.039833835117,10.101639344262296,-0.8298534813448396,0.08893215607779689,-0.19153981060709957,False,0.023939174220573605,False
CUST_00017,13,8533.64,656.4338461538462,4219.12,12,1.0,1,12,Retail,4601.039833835117,10.101639344262296,-0.8573292406242836,0.2869198028203376,-0.17513550191506988,False,0.05969058852370881,False
CUST_00018,10,55146.299999999996,5514.629999999999,29020.67,9,1.0,1,9,HNW,2351.45646732191,10.303030303030303,1.3451975723520204,-0.029411761851211325,-0.12613985659811328,False,0.16647129154882667,False
CUST_00019,8,8372.01,1046.50125,3584.58,8,1.0,1,8,Retail,4601.039833835117,10.101639344262296,-0.7725511430966555,-0.2080493140360141,-0.1907051641570769,False,0.02575819577104589,False
CUST_00020,10,17136.35,1713.6349999999998,14639.07,10,1.0,1,10,Small Business,3107.062346840979,9.364583333333334,-0.44847099634458176,0.06785316294337743,-0.1937140922746775,False,0.01920056278813581,False
CUST_00021,15,9161.24,610.7493333333333,4565.39,14,1.0,1,14,Retail,4601.039833835117,10.101639344262296,-0.8672584119552139,0.48490744956287823,-0.14641232822190903,False,0.12228963503543665,False
CUST_00022,10,2914.35,291.435,1080.58,10,1.0,1,10,HNW,2351.45646732191,10.303030303030303,-0.8760619195268459,-0.029411761851211325,-0.18961939070005313,False,0.028124521437683972,False
CUST_00023,6,10122.19,1687.0316666666668,9196.67,5,1.0,1,5,Small Business,3107.062346840979,9.364583333333334,-0.45703321053761814,-0.3592880595198513,-0.10500672975350417,False,0.21252865291202877,False
CUST_00024,9,6528.36,725.3733333333333,3587.96,9,1.0,1,9,Retail,4601.039833835117,10.101639344262296,-0.8423457826116978,-0.10905549066474375,-0.2002356829342971,False,0.004987462195801797,False
CUST_00025,5,36227.86,7245.572,32050.52,5,1.0,1,5,Retail,4601.039833835117,10.101639344262296,0.5747683699981816,-0.505030784149825,-0.023551388447821342,False,0.39005174814844445,False
CUST_00026,9,8023.99,891.5544444444445,6175.18,9,1.0,1,9,HNW,2351.45646732191,10.303030303030303,-0.6208501167445842,-0.1264705759602088,-0.19540880038408498,False,0.01550712999070575,False
CUST_00027,12,9158.02,763.1683333333334,7878.47,12,1.0,1,12,Small Business,3107.062346840979,9.364583333333334,-0.7543762406751702,0.2814237741749918,-0.17657069485044902,False,0.056562740944090764,False
CUST_00028,13,6875.76,528.9046153846155,3945.36,13,1.0,1,13,HNW,2351.45646732191,10.303030303030303,-0.7750736092673397,0.26176468047578105,-0.16847383988144604,False,0.07420895950677059,False
CUST_00029,16,13274.38,829.64875,4561.57,16,1.0,1,16,Retail,4601.039833835117,10.101639344262296,-0.8196823368668505,0.5839012729341485,-0.10502141365755396,False,0.21249665093333356,False
CUST_00030,10,11320.88,1132.088,4937.13,10,1.0,1,10,Retail,4601.039833835117,10.101639344262296,-0.7539495327928258,-0.010061667293473428,-0.2009771005560842,False,0.0033716227803295604,False
CUST_00031,6,1178.07,196.345,784.31,6,1.0,1,6,Retail,4601.039833835117,10.101639344262296,-0.9573259506441467,-0.4060369607785547,-0.16565170366749654,False,0.08035949976414893,False
CUST_00032,7,28120.95,4017.2785714285715,26535.59,7,1.0,1,7,Retail,4601.039833835117,10.101639344262296,-0.12687594182228268,-0.3070431374072844,-0.1406470261110631,False,0.13485448663736596,False
CUST_00033,7,73202.44999999998,10457.492857142855,70097.54,6,1.0,1,6,Retail,4601.039833835117,10.101639344262296,1.2728542315516835,-0.3070431374072844,-0.05503572943229301,False,0.3214350365436499,False
CUST_00034,18,23526.81,1307.045,17209.99,18,1.0,1,18,HNW,2351.45646732191,10.303030303030303,-0.44415513593038886,0.7470587510207684,0.012504452083111017,True,0.4686315479479595,False
CUST_00035,5,253.81,50.762,76.68,5,1.0,1,5,HNW,2351.45646732191,10.303030303030303,-0.9784125278592863,-0.5147058323961986,-0.1037889284924895,False,0.21518271887962237,False
CUST_00036,11,2929.66,266.33272727272725,1105.89,11,1.0,1,11,Retail,4601.039833835117,10.101639344262296,-0.942114665850905,0.08893215607779689,-0.18447364131001703,False,0.03933912497856158,False
CUST_00037,14,10823.42,773.1014285714285,5608.71,14,1.0,1,14,Retail,4601.039833835117,10.101639344262296,-0.8319724546355435,0.3859136261916079,-0.16078552369762433,False,0.09096481202952023,False
CUST_00038,6,31168.929999999997,5194.821666666666,26779.96,6,1.0,1,6,Small Business,3107.062346840979,9.364583333333334,0.6719399503767343,-0.3592880595198513,-0.07740301877124145,False,0.27268795167664944,False
CUST_00039,5,3114.41,622.882,1366.3,5,1.0,1,5,HNW,2351.45646732191,10.303030303030303,-0.7351080024694173,-0.5147058323961986,-0.12165226659837991,False,0.17625150797337036,False
CUST_00040,10,87863.33,8786.333,44379.24,10,1.0,1,10,HNW,2351.45646732191,10.303030303030303,2.7365492916270173,-0.029411761851211325,-0.10790751591561565,False,0.20620670360996296,False
CUST_00041,13,3674.45,282.65,1572.84,13,1.0,1,13,HNW,2351.45646732191,10.303030303030303,-0.879797901935344,0.26176468047578105,-0.16455130383217198,False,0.08275770203834197,False
CUST_00042,4,117766.15000000001,29441.537500000002,113279.3,4,1.0,1,4,Retail,4601.039833835117,10.101639344262296,5.398887764042814,-0.6040246075210954,0.11368812818456908,True,0.6891504124079456,False
CUST_00043,13,18043.879999999997,1387.990769230769,12060.3,13,1.0,1,13,Retail,4601.039833835117,10.101639344262296,-0.6983310686158167,0.2869198028203376,-0.16853570189663486,False,0.07407413794396271,False
CUST_00044,12,33215.14,2767.9283333333333,16026.7,11,1.0,1,11,Retail,4601.039833835117,10.101639344262296,-0.39841243855857095,0.18792597944906722,-0.16729466972898122,False,0.076778833156804,False
CUST_00045,9,9125.57,1013.9522222222222,3917.81,9,1.0,1,9,Small Business,3107.062346840979,9.364583333333334,-0.673662093093564,-0.03893214267242977,-0.19724432242561113,False,0.011506808477552213,False
CUST_00046,10,4298.9400000000005,429.89400000000006,1614.99,9,1.0,1,9,HNW,2351.45646732191,10.303030303030303,-0.8171796897831628,-0.029411761851211325,-0.19683467590574893,False,0.012399588705258277,False
CUST_00047,4,756.22,189.055,271.79,4,1.0,1,4,Retail,4601.039833835117,10.101639344262296,-0.9589103750920306,-0.6040246075210954,-0.07717120254148468,False,0.273193170045056,False
CUST_00048,11,3085.56,280.50545454545454,1298.49,11,1.0,1,11,Retail,4601.039833835117,10.101639344262296,-0.9390343344950615,0.08893215607779689,-0.18667870119639585,False,0.03453343575134922,False
CUST_00049,9,5956.5,661.8333333333334,4910.61,9,1.0,1,9,Retail,4601.039833835117,10.101639344262296,-0.8561557043426355,-0.10905549066474375,-0.1988856450562005,False,0.007929723549869622,False
CUST_00050,9,31604.649999999998,3511.6277777777777,26738.03,8,1.0,1,8,Small Business,3107.062346840979,9.364583333333334,0.1302083401119779,-0.03893214267242977,-0.14907986684369007,False,0.11647602348817013,False
CUST_00051,13,126646.5,9742.038461538461,72633.23,12,1.0,1,12,HNW,2351.45646732191,10.303030303030303,3.1429805713098125,0.26176468047578105,-0.07440869108769016,False,0.279213764594691,False
CUST_00052,14,807339.67,57667.11928571429,789762.17,14,1.0,1,14,Retail,4601.039833835117,10.101639344262296,11.533497069533816,0.3859136261916079,0.1299711011856005,True,0.7246373887124992,True
CUST_00053,10,36855.27,3685.5269999999996,29975.84,10,1.0,1,10,HNW,2351.45646732191,10.303030303030303,0.5673379671919394,-0.029411761851211325,-0.15819809920508776,False,0.09660382350799228,False
CUST_00054,7,1868.94,266.99142857142857,811.78,7,1.0,1,7,Small Business,3107.062346840979,9.364583333333334,-0.9140694972674256,-0.25250275390404414,-0.18171428233452702,False,0.045352849043126975,False
CUST_00055,6,56142.79000000001,9357.131666666668,51071.44,5,1.0,1,5,Retail,4601.039833835117,10.101639344262296,1.0336993383153332,-0.4060369607785547,-0.016257951463743314,False,0.4059470042184715,False
CUST_00056,10,12644.82,1264.482,10754.67,10,1.0,1,10,Retail,4601.039833835117,10.101639344262296,-0.7251747330187341,-0.010061667293473428,-0.198614356899511,False,0.008520966708446105,False
CUST_00057,11,7758.89,705.3536363636364,5208.37,11,1.0,1,11,Retail,4601.039833835117,10.101639344262296,-0.8466969070723306,0.08893215607779689,-0.19178425619321687,False,0.023406431537665025,False
CUST_00058,11,33301.03,3027.3663636363635,14079.49,11,1.0,1,11,HNW,2351.45646732191,10.303030303030303,0.2874430827957486,0.06764705225778614,-0.16169279602738668,False,0.08898751023911536,False
CUST_00059,6,680.59,113.43166666666667,461.29,6,1.0,1,6,Retail,4601.039833835117,10.101639344262296,-0.9753465147578467,-0.4060369607785547,-0.15930822006619427,False,0.09418443531083799,False
CUST_00060,16,12428.7,776.79375,5974.88,16,1.0,1,16,Retail,4601.039833835117,10.101639344262296,-0.8311699574694429,0.5839012729341485,-0.10157067749152632,False,0.22001715671255043,False
CUST_00061,9,30979.530000000002,3442.17,28045.58,9,1.0,1,9,Small Business,3107.062346840979,9.364583333333334,0.10785353354491876,-0.03893214267242977,-0.1649264031951792,False,0.08194021359774531,False
CUST_00062,4,1815.53,453.8825,1490.79,4,1.0,1,4,Retail,4601.039833835117,10.101639344262296,-0.9013521905279775,-0.6040246075210954,-0.07953279048564144,False,0.26804634486699414,False
CUST_00063,6,9103.87,1517.3116666666667,4081.77,6,1.0,1,6,Retail,4601.039833835117,10.101639344262296,-0.6702241836336892,-0.4060369607785547,-0.14575781455477427,False,0.12371607669293656,False
CUST_00064,7,4952.6,707.5142857142857,2191.17,7,1.0,1,7,Retail,4601.039833835117,10.101639344262296,-0.8462273068453796,-0.3070431374072844,-0.18732028187043404,False,0.03313518015173541,False
CUST_00065,8,45830.5,5728.8125,44511.61,8,1.0,1,8,Retail,4601.039833835117,10.101639344262296,0.24511256295291298,-0.2080493140360141,-0.12417408847348449,False,0.17075547029520974,False
CUST_00066,11,33099.84,3009.076363636363,28714.62,11,1.0,1,11,HNW,2351.45646732191,10.303030303030303,0.27966492477054267,0.06764705225778614,-0.15938626543824003,False,0.09401434387432377,False
CUST_00067,13,49739.44,3826.1107692307696,40473.8,13,1.0,1,13,Retail,4601.039833835117,10.101639344262296,-0.16842476753564506,0.2869198028203376,-0.13804247435685874,False,0.14053082512786025,False
CUST_00068,5,1620.01,324.002,1565.23,5,1.0,1,5,Retail,4601.039833835117,10.101639344262296,-0.9295807007479188,-0.505030784149825,-0.13457015023107582,False,0.14809837952751334,False
CUST_00069,11,11677.720000000001,1061.6109090909092,6593.09,9,1.0,1,9,HNW,2351.45646732191,10.303030303030303,-0.5485304855128721,0.06764705225778614,-0.18416054364490175,False,0.040021487433025714,False
CUST_00070,10,2718.57,271.857,1071.93,9,1.0,1,9,Small Business,3107.062346840979,9.364583333333334,-0.9125035256569902,0.06785316294337743,-0.18718645390641897,False,0.033426843706516746,False
CUST_00071,15,11240.83,749.3886666666666,6989.25,15,1.0,1,15,Retail,4601.039833835117,10.101639344262296,-0.8371262378575947,0.48490744956287823,-0.13886025093253307,False,0.138748569641621,False
CUST_00072,8,6236.5,779.5625,3853.72,8,1.0,1,8,Small Business,3107.062346840979,9.364583333333334,-0.7490998204327317,-0.14571744828823696,-0.18827538982054126,False,0.03105362580710812,False
CUST_00073,8,2711.63,338.95375,587.09,8,1.0,1,8,HNW,2351.45646732191,10.303030303030303,-0.8558536993704627,-0.22352939006920625,-0.1840320403684238,False,0.04030154640795258,False
CUST_00074,10,33123.72,3312.3720000000003,23362.01,10,1.0,1,10,Retail,4601.039833835117,10.101639344262296,-0.28008186846773897,-0.010061667293473428,-0.1793360282549939,False,0.050535996258396186,False
CUST_00075,11,4140.47,376.40636363636366,1928.94,11,1.0,1,11,Retail,4601.039833835117,10.101639344262296,-0.918191022432247,0.08893215607779689,-0.19045861799985336,False,0.02629551642120086,False
CUST_00076,10,8764.1,876.4100000000001,6982.95,10,1.0,1,10,Retail,4601.039833835117,10.101639344262296,-0.8095191451365891,-0.010061667293473428,-0.20147577401674427,False,0.0022848179762539975,False
CUST_00077,14,14401.35,1028.6678571428572,9391.47,13,1.0,1,13,Small Business,3107.062346840979,9.364583333333334,-0.6689259039627407,0.4949943854066062,-0.14993429243330153,False,0.11461389544492978,False
CUST_00078,7,4762.55,680.3642857142858,2615.16,7,1.0,1,7,HNW,2351.45646732191,10.303030303030303,-0.7106626059721106,-0.3205882041782037,-0.18735169098553794,False,0.03306672738679078,False
CUST_00079,14,145562.56,10397.325714285715,125541.0,14,1.0,1,14,Retail,4601.039833835117,10.101639344262296,1.2597773739244997,0.3859136261916079,-0.06508239257924342,False,0.2995394222100097,False
CUST_00080,9,2795.4199999999996,310.60222222222217,1627.57,9,1.0,1,9,Small Business,3107.062346840979,9.364583333333334,-0.9000334758528254,-0.03893214267242977,-0.19548539396956977,False,0.015340202565781124,False
CUST_00081,14,4659.92,332.8514285714286,2252.94,13,1.0,1,13,Retail,4601.039833835117,10.101639344262296,-0.9276573467042464,0.3859136261916079,-0.15738755416682626,False,0.09837031864157368,False
CUST_00082,8,14533.519999999999,1816.6899999999998,12463.89,8,1.0,1,8,Retail,4601.039833835117,10.101639344262296,-0.6051566458421886,-0.2080493140360141,-0.1768238650022752,False,0.05601098401503936,False
CUST_00083,10,212296.86000000002,21229.686,209752.42,10,1.0,1,10,Retail,4601.039833835117,10.101639344262296,3.6141061071167164,-0.010061667293473428,-0.03379171845784823,False,0.367734057859723,False
CUST_00084,12,581485.2100000001,48457.10083333334,538684.56,11,1.0,1,11,Retail,4601.039833835117,10.101639344262296,9.531771637241182,0.18792597944906722,0.099671369958923,True,0.6586024057884757,False
CUST_00085,13,43750.41,3365.416153846154,29259.2,13,1.0,1,13,Retail,4601.039833835117,10.101639344262296,-0.26855313675701803,0.2869198028203376,-0.14247985029772953,False,0.13086004480671723,False
CUST_00086,13,19186.43,1475.8792307692308,6136.73,12,1.0,1,12,Retail,4601.039833835117,10.101639344262296,-0.6792291993224786,0.2869198028203376,-0.16457596111756811,False,0.08270396415506157,False
CUST_00087,11,8146.09,740.5536363636364,3689.39,11,1.0,1,11,Small Business,3107.062346840979,9.364583333333334,-0.7616547225458064,0.1746384685591846,-0.1863240579171962,False,0.03530634237256207,False
CUST_00088,13,15617.64,1201.356923076923,7854.27,10,1.0,1,10,HNW,2351.45646732191,10.303030303030303,-0.48910092946170614,0.26176468047578105,-0.1638849854812468,False,0.08420987072578455,False
CUST_00089,13,13764.83,1058.833076923077,9415.67,13,1.0,1,13,HNW,2351.45646732191,10.303030303030303,-0.5497118096008382,0.26176468047578105,-0.1689125213510671,False,0.07325290075038113,False
CUST_00090,8,736.7099999999999,92.08874999999999,250.23,7,1.0,1,7,Small Business,3107.062346840979,9.364583333333334,-0.9703614730924244,-0.14571744828823696,-0.1591725076264408,False,0.09448020587641341,False
CUST_00091,10,17035.51,1703.551,8962.4,10,1.0,1,10,Small Business,3107.062346840979,9.364583333333334,-0.4517165057264604,0.06785316294337743,-0.19456337843333504,False,0.017349635578089086,False
CUST_00092,13,82513.85,6347.219230769231,66544.16,13,1.0,1,13,Retail,4601.039833835117,10.101639344262296,0.3795184261856516,0.2869198028203376,-0.11124799089637116,False,0.19892650014340216,False
CUST_00093,8,8037.83,1004.72875,6815.42,8,1.0,1,8,HNW,2351.45646732191,10.303030303030303,-0.572720667154424,-0.22352939006920625,-0.1844787517465723,False,0.03932798733551991,False
CUST_00094,11,15174.140000000001,1379.4672727272728,12864.77,11,1.0,1,11,Retail,4601.039833835117,10.101639344262296,-0.7001835838752942,0.08893215607779689,-0.18690546685118598,False,0.03403922456413457,False
CUST_00095,11,87423.27,7947.570000000001,70115.06,11,1.0,1,11,Retail,4601.039833835117,10.101639344262296,0.7273421414063479,0.08893215607779689,-0.12376289001621654,False,0.17165163280242585,False
CUST_00096,9,2893.5600000000004,321.5066666666667,2080.51,9,1.0,1,9,Small Business,3107.062346840979,9.364583333333334,-0.896523908543363,-0.03893214267242977,-0.19542135272506772,False,0.015479773522879327,False
CUST_00097,12,16672.26,1389.3549999999998,14140.58,12,1.0,1,12,Retail,4601.039833835117,10.101639344262296,-0.6980345637347022,0.18792597944906722,-0.1761951343040316,False,0.05738123448398643,False
CUST_00098,14,18432.64,1316.6171428571429,13062.43,14,1.0,1,14,Retail,4601.039833835117,10.101639344262296,-0.7138435677324829,0.3859136261916079,-0.1599736509055767,False,0.09273420085869051,False
CUST_00099,7,21016.14,3002.305714285714,15715.59,7,1.0,1,7,Retail,4601.039833835117,10.101639344262296,-0.34747234906447944,-0.3070431374072844,-0.15202156158564695,False,0.11006491836649235,False
CUST_00100,7,1110.76,158.68,543.88,7,1.0,1,7,Retail,4601.039833835117,10.101639344262296,-0.9655121436248797,-0.3070431374072844,-0.17360315301771234,False,0.06303017700103362,False
CUST_00101,6,283445.73,47240.954999999994,247817.09,6,1.0,1,6,HNW,2351.45646732191,10.303030303030303,19.090082736982566,-0.4176470182872012,0.12259686059437913,True,0.7085660299312635,True
CUST_00102,15,3867.21,257.814,1304.17,14,1.0,1,14,Retail,4601.039833835117,10.101639344262296,-0.9439661445553993,0.48490744956287823,-0.13865465804246763,False,0.13919663708100535,False
CUST_00103,6,656.7,109.45,274.97,5,1.0,1,5,Retail,4601.039833835117,10.101639344262296,-0.9762118988470087,-0.4060369607785547,-0.1235263240944211,False,0.17216720261026672,False
CUST_00104,10,89253.84,8925.384,35888.63,10,1.0,1,10,Retail,4601.039833835117,10.101639344262296,0.9398623618566976,-0.010061667293473428,-0.13289184268501597,False,0.15175606907321282,False
CUST_00105,9,22578.86,2508.762222222222,15692.05,9,1.0,1,9,Retail,4601.039833835117,10.101639344262296,-0.454740164554101,-0.10905549066474375,-0.1792213547422587,False,0.05078591476092862,False
CUST_00106,9,1955.35,217.2611111111111,932.56,9,1.0,1,9,Retail,4601.039833835117,10.101639344262296,-0.9527799975852856,-0.10905549066474375,-0.1900622490138903,False,0.027159359701653417,False
CUST_00107,13,4740.1,364.62307692307695,900.76,13,1.0,1,13,Retail,4601.039833835117,10.101639344262296,-0.9207520275824467,0.2869198028203376,-0.16255662507776214,False,0.08710488837147994,False
CUST_00108,10,84248.21999999999,8424.821999999998,79627.68,10,1.0,1,10,Retail,4601.039833835117,10.101639344262296,0.8310691285944736,-0.010061667293473428,-0.1281793866319264,False,0.1620263567093617,False
CUST_00109,11,14459.55,1314.5045454545455,5650.75,10,1.0,1,10,Retail,4601.039833835117,10.101639344262296,-0.7143027242445833,0.08893215607779689,-0.19634493011390286,False,0.0134669366219683,False
CUST_00110,13,29318.15,2255.242307692308,18998.33,13,1.0,1,13,Small Business,3107.062346840979,9.364583333333334,-0.27415608178592876,0.388209079790799,-0.14962005874044348,False,0.11529873374883408,False
CUST_00111,13,34520.6,2655.4307692307693,20311.18,12,1.0,1,12,Retail,4601.039833835117,10.101639344262296,-0.4228629037014348,0.2869198028203376,-0.1548142173554315,False,0.10397862754461103,False
CUST_00112,8,10034.130000000001,1254.2662500000001,6527.01,7,1.0,1,7,Retail,4601.039833835117,10.101639344262296,-0.7273950463319672,-0.2080493140360141,-0.18048449797005106,False,0.048033030887014105,False
CUST_00113,9,90207.2,10023.022222222222,76138.4,9,1.0,1,9,Retail,4601.039833835117,10.101639344262296,1.1784254392532132,-0.10905549066474375,-0.1118064196017472,False,0.19770946525461333,False
CUST_00114,13,208028.62999999998,16002.202307692305,203139.83,13,1.0,1,13,Retail,4601.039833835117,10.101639344262296,2.4779534372941936,0.2869198028203376,-0.04593381905257088,False,0.3412716645323415,False
CUST_00115,11,1491.7099999999998,135.60999999999999,530.55,11,1.0,1,11,Retail,4601.039833835117,10.101639344262296,-0.9705262275772364,0.08893215607779689,-0.17274247216295757,False,0.06490593771724502,False
CUST_00116,16,11561.87,722.616875,3793.59,15,1.0,1,15,Retail,4601.039833835117,10.101639344262296,-0.842944877258187,0.5839012729341485,-0.12775126389076052,False,0.16295940386053193,False
CUST_00117,15,66884.93999999999,4458.995999999999,53290.32,15,1.0,1,15,HNW,2351.45646732191,10.303030303030303,0.8962698485258842,0.455882308693776,-0.08135327472982767,False,0.264078796604637,False
CUST_00118,13,5198.3,399.8692307692308,3412.44,13,1.0,1,13,HNW,2351.45646732191,10.303030303030303,-0.8299482736949867,0.26176468047578105,-0.16838369547870607,False,0.07440541947042825,False
CUST_00119,10,13237.890000000001,1323.7890000000002,5608.19,10,1.0,1,10,Retail,4601.039833835117,10.101639344262296,-0.7122848207100038,-0.010061667293473428,-0.2010034618309844,False,0.0033141712364572248,False
CUST_00120,13,2210.18,170.01384615384615,1217.08,12,1.0,1,12,Retail,4601.039833835117,10.101639344262296,-0.9630488208629171,0.2869198028203376,-0.1601118058332534,False,0.09243310715519358,False
CUST_00121,13,41006.32,3154.3323076923075,35926.17,13,1.0,1,13,Retail,4601.039833835117,10.101639344262296,-0.31443055875969256,0.2869198028203376,-0.14348550702223195,False,0.12866832488243365,False
CUST_00122,10,70766.79000000001,7076.679000000001,59378.16,10,1.0,1,10,Retail,4601.039833835117,10.101639344262296,0.5380607982181491,-0.010061667293473428,-0.13378647791669224,False,0.1498063084695624,False
CUST_00123,12,3922.1200000000003,326.84333333333336,1596.16,11,1.0,1,11,HNW,2351.45646732191,10.303030303030303,-0.861003876220349,0.1647058663667836,-0.17714922969085106,False,0.05530188691139013,False
CUST_00124,8,20952.04,2619.005,15581.21,8,1.0,1,8,Retail,4601.039833835117,10.101639344262296,-0.4307797595727934,-0.2080493140360141,-0.15864445024917723,False,0.0956310497446192,False
CUST_00125,10,2622.56,262.256,1618.39,9,1.0,1,9,Small Business,3107.062346840979,9.364583333333334,-0.9155935827350761,0.06785316294337743,-0.18985915553174676,False,0.02760197995214332,False
CUST_00126,7,14839.710000000001,2119.9585714285718,11873.35,7,1.0,1,7,Small Business,3107.062346840979,9.364583333333334,-0.3176968032515734,-0.25250275390404414,-0.16484639578193788,False,0.08211458109056764,False
CUST_00127,8,199705.83000000002,24963.228750000002,195214.65,8,1.0,1,8,Retail,4601.039833835117,10.101639344262296,4.425562404828557,-0.2080493140360141,-0.0031629065500020648,False,0.4344862364908314,False
CUST_00128,10,9437.49,943.749,7405.67,10,1.0,1,10,Retail,4601.039833835117,10.101639344262296,-0.7948835404869256,-0.010061667293473428,-0.20147577401674427,False,0.0022848179762539975,False
CUST_00129,13,1426059.34,109696.87230769232,1422703.01,13,1.0,1,13,Small Business,3107.062346840979,9.364583333333334,34.30565531937844,0.388209079790799,0.18608296014459036,True,0.8469271087259138,True
CUST_00130,7,2081.24,297.32,800.84,7,1.0,1,7,HNW,2351.45646732191,10.303030303030303,-0.8735592153180795,-0.3205882041782037,-0.18383701411378184,False,0.04072658500973658,False
CUST_00131,15,5313.6,354.24,1232.68,15,1.0,1,15,Retail,4601.039833835117,10.101639344262296,-0.9230087080928968,0.48490744956287823,-0.13131858827083498,False,0.15518480669462498,False
CUST_00132,9,12435.75,1381.75,10543.66,9,1.0,1,9,Retail,4601.039833835117,10.101639344262296,-0.6996874509673711,-0.10905549066474375,-0.19355690344892557,False,0.01954313881122732,False
CUST_00133,9,6692.0,743.5555555555555,3840.17,8,1.0,1,8,Retail,4601.039833835117,10.101639344262296,-0.838394018907206,-0.10905549066474375,-0.18430838424448648,False,0.03969928485650718,False
CUST_00134,11,5520.96,501.9054545454546,1876.51,10,1.0,1,10,HNW,2351.45646732191,10.303030303030303,-0.7865554977066475,0.06764705225778614,-0.19590210832554178,False,0.014432018754679218,False
CUST_00135,9,3907.39,434.15444444444444,2782.64,8,1.0,1,8,HNW,2351.45646732191,10.303030303030303,-0.8153678576264379,-0.1264705759602088,-0.18723164172088969,False,0.03332836175845509,False
CUST_00136,7,11750.34,1678.6200000000001,10491.41,7,1.0,1,7,Small Business,3107.062346840979,9.364583333333334,-0.4597404837510159,-0.25250275390404414,-0.17361421296197355,False,0.06300607305024392,False
CUST_00137,5,1933.6,386.71999999999997,1392.04,5,1.0,1,5,HNW,2351.45646732191,10.303030303030303,-0.8355402252987578,-0.5147058323961986,-0.12803952325242485,False,0.1623311737985955,False
CUST_00138,9,82053.19,9117.021111111111,74468.82,9,1.0,1,9,HNW,2351.45646732191,10.303030303030303,2.8771804772628298,-0.1264705759602088,-0.09306204579530536,False,0.2385607980591792,False
CUST_00139,10,5336.8,533.6800000000001,1681.86,10,1.0,1,10,Retail,4601.039833835117,10.101639344262296,-0.8840088284045197,-0.010061667293473428,-0.20010715165338122,False,0.005267582203368422,False
CUST_00140,12,10394.35,866.1958333333333,5615.09,11,1.0,1,11,Retail,4601.039833835117,10.101639344262296,-0.8117391143247134,0.18792597944906722,-0.18285875041023847,False,0.04285860481134464,False
CUST_00141,9,6593.139999999999,732.571111111111,3308.3,9,1.0,1,9,Retail,4601.039833835117,10.101639344262296,-0.8407814019420756,-0.10905549066474375,-0.2002356829342971,False,0.004987462195801797,False
CUST_00142,9,170940.35,18993.372222222224,154955.92,8,1.0,1,8,Retail,4601.039833835117,10.101639344262296,3.128060809085099,-0.10905549066474375,-0.03166690696244734,False,0.3723648544092326,False
CUST_00143,9,4784.51,531.6122222222223,2997.31,9,1.0,1,9,HNW,2351.45646732191,10.303030303030303,-0.7739221497893172,-0.1264705759602088,-0.19581223568588235,False,0.014627886440133204,False
CUST_00144,16,28832.72,1802.045,17695.59,15,1.0,1,15,Retail,4601.039833835117,10.101639344262296,-0.6083396219792611,0.5839012729341485,-0.10863301284601923,False,0.20462556161724288,False
CUST_00145,20,10211.749999999998,510.5874999999999,4412.44,18,1.0,1,18,Retail,4601.039833835117,10.101639344262296,-0.8890278025557895,0.9798765664192298,0.05481120496663183,True,0.5608345342825192,False
CUST_00146,7,15595.16,2227.88,12593.82,7,1.0,1,7,Small Business,3107.062346840979,9.364583333333334,-0.28296256991814184,-0.25250275390404414,-0.16187801844189875,False,0.08858383804519562,False
CUST_00147,6,704.22,117.37,283.69,6,1.0,1,6,Retail,4601.039833835117,10.101639344262296,-0.9744905488295547,-0.4060369607785547,-0.15729489379499328,False,0.09857226188740474,False
CUST_00148,10,3485.3900000000003,348.53900000000004,991.33,9,1.0,1,9,Retail,4601.039833835117,10.101639344262296,-0.9242477758264203,-0.010061667293473428,-0.19037878677206083,False,0.026469499936917416,False
CUST_00149,8,16813.05,2101.63125,15114.2,8,1.0,1,8,Retail,4601.039833835117,10.101639344262296,-0.5432268951274328,-0.2080493140360141,-0.17155845392409452,False,0.06748637724656381,False
CUST_00150,7,2527.98,361.14,2168.1,7,1.0,1,7,Retail,4601.039833835117,10.101639344262296,-0.9215090470928421,-0.3070431374072844,-0.185511259257354,False,0.037077749030324465,False
CUST_00151,12,23031.89,1919.3241666666665,12918.14,12,1.0,1,12,Retail,4601.039833835117,10.101639344262296,-0.5828499129402892,0.18792597944906722,-0.1737757977598513,False,0.06265391648196239,False
CUST_00152,14,51224.0,3658.8571428571427,26622.58,13,1.0,1,13,Retail,4601.039833835117,10.101639344262296,-0.20477603428785318,0.3859136261916079,-0.13151577130115688,False,0.1547550676338128,False
CUST_00153,8,28163.11,3520.38875,24151.68,8,1.0,1,8,Retail,4601.039833835117,10.101639344262296,-0.2348710558107661,-0.2080493140360141,-0.15593667334400402,False,0.10153235627296707,False
CUST_00154,7,8099.02,1157.0028571428572,3414.3,6,1.0,1,6,Retail,4601.039833835117,10.101639344262296,-0.748534483578467,-0.3070431374072844,-0.16096060351808794,False,0.09058324452094522,False
CUST_00155,12,31102.46,2591.8716666666664,19583.52,12,1.0,1,12,HNW,2351.45646732191,10.303030303030303,0.10224097387451354,0.1647058663667836,-0.1552481809056821,False,0.10303285098256627,False
CUST_00156,10,22696.39,2269.639,14983.34,10,1.0,1,10,Retail,4601.039833835117,10.101639344262296,-0.5067117255068636,-0.010061667293473428,-0.19147023292142135,False,0.02409081125165094,False
CUST_00157,13,10467.39,805.1838461538462,3522.51,13,1.0,1,13,Small Business,3107.062346840979,9.364583333333334,-0.7408536562797499,0.388209079790799,-0.16069360873315724,False,0.09116513074072062,False
CUST_00158,8,7179.51,897.43875,3257.58,7,1.0,1,7,Small Business,3107.062346840979,9.364583333333334,-0.711161653507337,-0.14571744828823696,-0.1790412451002653,False,0.05117844422082738,False
CUST_00159,15,37689.95,2512.663333333333,20656.41,15,1.0,1,15,HNW,2351.45646732191,10.303030303030303,0.06855617706861748,0.455882308693776,-0.10874740488523232,False,0.2043762565557699,False
CUST_00160,4,1285.77,321.4425,1239.33,4,1.0,1,4,Retail,4601.039833835117,10.101639344262296,-0.9301369880420695,-0.6040246075210954,-0.08381047547922282,False,0.2587235936718683,False
CUST_00161,8,823.35,102.91875,572.11,8,1.0,1,8,Small Business,3107.062346840979,9.364583333333334,-0.9668758655353294,-0.14571744828823696,-0.173012430174106,False,0.06431759346682822,False
CUST_00162,2,4248.7,2124.35,4235.57,2,1.0,1,2,HNW,2351.45646732191,10.303030303030303,-0.09658119143663424,-0.8058822747231911,0.08320481966378024,True,0.6227153426517589,False
CUST_00163,7,4338.9,619.842857142857,1568.92,7,1.0,1,7,Retail,4601.039833835117,10.101639344262296,-0.86528200572185,-0.3070431374072844,-0.1880476281543344,False,0.031550007693343304,False
CUST_00164,10,34194.67,3419.4669999999996,28734.36,10,1.0,1,10,Retail,4601.039833835117,10.101639344262296,-0.2568056083516739,-0.010061667293473428,-0.17953200851793322,False,0.05010887849884163,False
CUST_00165,14,65825.23,4701.802142857143,32305.48,12,1.0,1,12,Retail,4601.039833835117,10.101639344262296,0.021899899292142682,0.3859136261916079,-0.11179015915933027,False,0.19774490312794976,False
CUST_00166,15,5634.19,375.61266666666666,2480.69,14,1.0,1,14,HNW,2351.45646732191,10.303030303030303,-0.840263822559846,0.455882308693776,-0.14828034110917054,False,0.11821850324257234,False
CUST_00167,10,3853.2700000000004,385.32700000000006,2307.61,10,1.0,1,10,Retail,4601.039833835117,10.101639344262296,-0.9162521919322159,-0.010061667293473428,-0.19797176293064228,False,0.009921430674409154,False
CUST_00168,14,26502.11,1893.0078571428571,20146.97,14,1.0,1,14,Retail,4601.039833835117,10.101639344262296,-0.5885695568617707,0.3859136261916079,-0.14722075528787976,False,0.1205277557930989,False
CUST_00169,5,644.24,128.848,345.55,5,1.0,1,5,HNW,2351.45646732191,10.303030303030303,-0.9452050238922982,-0.5147058323961986,-0.11599339667232039,False,0.1885844021545438,False
CUST_00170,10,284507.31,28450.731,279304.52,9,1.0,1,9,Retail,4601.039833835117,10.101639344262296,5.183543725397796,-0.010061667293473428,0.026582636589565056,True,0.49931342649434174,False
CUST_00171,11,3142.0099999999998,285.6372727272727,1906.85,11,1.0,1,11,Retail,4601.039833835117,10.101639344262296,-0.937918973975258,0.08893215607779689,-0.18654039592189348,False,0.03483485711947097,False
CUST_00172,12,2930.0400000000004,244.17000000000004,754.24,12,1.0,1,12,Retail,4601.039833835117,10.101639344262296,-0.9469315611763769,0.18792597944906722,-0.164856679780847,False,0.08209216822864243,False
CUST_00173,10,5912.23,591.223,3310.85,10,1.0,1,10,Retail,4601.039833835117,10.101639344262296,-0.8715023076905859,-0.010061667293473428,-0.19857999912626084,False,0.008595845754498004,False
CUST_00174,14,621405.5,44386.107142857145,594686.77,14,1.0,1,14,Retail,4601.039833835117,10.101639344262296,8.646973018534574,0.3859136261916079,0.0776507358764007,True,0.6106108185121095,False
CUST_00175,11,3735.34,339.5763636363636,1433.79,11,1.0,1,11,Small Business,3107.062346840979,9.364583333333334,-0.8907082231959952,0.1746384685591846,-0.185133558764369,False,0.037900906352020494,False
CUST_00176,7,525.55,75.07857142857142,285.9,7,1.0,1,7,Retail,4601.039833835117,10.101639344262296,-0.983682259853492,-0.3070431374072844,-0.16360539980276423,False,0.08481919743453578,False
CUST_00177,8,8090.32,1011.29,3743.73,8,1.0,1,8,Small Business,3107.062346840979,9.364583333333334,-0.6745189224468828,-0.14571744828823696,-0.1861812347507002,False,0.03561760999702252,False
CUST_00178,12,5245.45,437.12083333333334,2357.68,12,1.0,1,12,Retail,4601.039833835117,10.101639344262296,-0.9049952075998493,0.18792597944906722,-0.18117180479241524,False,0.04653512009899951,False
CUST_00179,15,5209.849999999999,347.3233333333333,2158.48,14,1.0,1,14,Retail,4601.039833835117,10.101639344262296,-0.9245119914625167,0.48490744956287823,-0.1435112239049129,False,0.12861227772161923,False
CUST_00180,14,6274.16,448.1542857142857,5108.16,13,1.0,1,13,Small Business,3107.062346840979,9.364583333333334,-0.855762699121343,0.4949943854066062,-0.14660915260215596,False,0.12186067761362315,False
CUST_00181,13,2389.23,183.78692307692307,673.92,13,1.0,1,13,Retail,4601.039833835117,10.101639344262296,-0.960055350382875,0.2869198028203376,-0.15587440370995886,False,0.10166806619692959,False
CUST_00182,12,36891.39,3074.2825,33300.68,11,1.0,1,11,Retail,4601.039833835117,10.101639344262296,-0.3318287579854935,0.18792597944906722,-0.1583005457469246,False,0.09638055236442306,False
CUST_00183,12,8154.85,679.5708333333333,4408.19,12,1.0,1,12,Retail,4601.039833835117,10.101639344262296,-0.8523005975327126,0.18792597944906722,-0.18233702229370513,False,0.043995654741210956,False
CUST_00184,5,5149.4800000000005,1029.8960000000002,4588.92,5,1.0,1,5,Retail,4601.039833835117,10.101639344262296,-0.7761601642301565,-0.505030784149825,-0.11916055820810934,False,0.18168191657245042,False
CUST_00185,11,12631.38,1148.3072727272727,5762.49,11,1.0,1,11,Retail,4601.039833835117,10.101639344262296,-0.7504244007988633,0.08893215607779689,-0.1912637832046583,False,0.024540746052033373,False
CUST_00186,9,8150.24,905.5822222222222,3287.71,9,1.0,1,9,Retail,4601.039833835117,10.101639344262296,-0.8031787909407059,-0.10905549066474375,-0.2003815987255787,False,0.004669454530534402,False
CUST_00187,9,22796.13,2532.9033333333336,12551.06,8,1.0,1,8,Retail,4601.039833835117,10.101639344262296,-0.44949328298434454,-0.10905549066474375,-0.1608623788634701,False,0.09079731451852646,False
CUST_00188,8,31083.01,3885.37625,26347.46,8,1.0,1,8,Retail,4601.039833835117,10.101639344262296,-0.1555438791067897,-0.2080493140360141,-0.14926696413815044,False,0.11606826519644167,False
CUST_00189,10,2230.8,223.08,1623.8,9,1.0,1,9,Small Business,3107.062346840979,9.364583333333334,-0.9282022772555522,0.06785316294337743,-0.18916508816637828,False,0.029114624611508346,False
CUST_00190,4,2744.0,686.0,1399.18,4,1.0,1,4,Retail,4601.039833835117,10.101639344262296,-0.8509032684728791,-0.6040246075210954,-0.0765423270902702,False,0.2745637359874272,False
CUST_00191,5,7063.49,1412.6979999999999,6589.34,5,1.0,1,5,Retail,4601.039833835117,10.101639344262296,-0.6929611453688652,-0.505030784149825,-0.1114196407440633,False,0.1985524078890365,False
CUST_00192,3,1810.3000000000002,603.4333333333334,1299.13,3,1.0,1,3,HNW,2351.45646732191,10.303030303030303,-0.7433789047500562,-0.7088234606141935,0.013685832055544522,True,0.471206237661304,False
CUST_00193,9,4270.6,474.5111111111112,3030.54,9,1.0,1,9,Retail,4601.039833835117,10.101639344262296,-0.8968687233441186,-0.10905549066474375,-0.2004028248807293,False,0.004623194424052717,False
CUST_00194,10,5945.59,594.559,2035.08,10,1.0,1,10,Retail,4601.039833835117,10.101639344262296,-0.8707772541983856,-0.010061667293473428,-0.19978837414913408,False,0.005962323252126918,False
CUST_00195,13,1482.43,114.03307692307693,509.18,12,1.0,1,12,Retail,4601.039833835117,10.101639344262296,-0.9752158029453002,0.2869198028203376,-0.15000385057753074,False,0.11446230100232434,False
CUST_00196,11,8214.53,746.7754545454546,1739.15,11,1.0,1,11,Retail,4601.039833835117,10.101639344262296,-0.8376941990609355,0.08893215607779689,-0.19212401741326396,False,0.02266595875273482,False
CUST_00197,6,1968.53,328.0883333333333,1696.12,6,1.0,1,6,HNW,2351.45646732191,10.303030303030303,-0.8604744171311537,-0.4176470182872012,-0.16610757320092845,False,0.07936598148405098,False
CUST_00198,6,2919.13,486.5216666666667,1617.3,6,1.0,1,6,Retail,4601.039833835117,10.101639344262296,-0.8942583230896757,-0.4060369607785547,-0.16774886731157773,False,0.07578895871248925,False
CUST_00199,7,15067.960000000001,2152.5657142857144,7765.31,7,1.0,1,7,Small Business,3107.062346840979,9.364583333333334,-0.30720227845396175,-0.25250275390404414,-0.16758446166755597,False,0.07614726300946041,False
CUST_00200,9,7503.9800000000005,833.7755555555556,3038.28,9,1.0,1,9,HNW,2351.45646732191,10.303030303030303,-0.6454216491829977,-0.1264705759602088,-0.1952843310897654,False,0.015778397338375234,False
CUST_00201,16,431256.24,26953.515,364250.62,16,1.0,1,16,Small Business,3107.062346840979,9.364583333333334,7.67491925925765,0.7085649966382206,0.08893689283608008,True,0.6352077753806277,False
CUST_00202,7,3553.0699999999997,507.58142857142855,1407.54,7,1.0,1,7,Small Business,3107.062346840979,9.364583333333334,-0.8366362265230582,-0.25250275390404414,-0.18171039157537722,False,0.0453613285313474,False
CUST_00203,9,21952.22,2439.1355555555556,14200.02,8,1.0,1,8,Retail,4601.039833835117,10.101639344262296,-0.46987297565030434,-0.10905549066474375,-0.1608623788634701,False,0.09079731451852646,False
CUST_00204,5,3154.1699999999996,630.834,2249.6,5,1.0,1,5,Small Business,3107.062346840979,9.364583333333334,-0.7969677044175342,-0.4660733651356585,-0.12918982131636386,False,0.15982422373882496,False
CUST_00205,6,729.58,121.59666666666668,518.25,6,1.0,1,6,Retail,4601.039833835117,10.101639344262296,-0.9735719159077821,-0.4060369607785547,-0.15930822006619427,False,0.09418443531083799,False
CUST_00206,14,63070.18,4505.012857142857,49193.49,14,1.0,1,14,Retail,4601.039833835117,10.101639344262296,-0.0208707118693532,0.3859136261916079,-0.11721884908205538,False,0.18591366133688916,False
CUST_00207,10,20518.98,2051.898,9199.41,10,1.0,1,10,Retail,4601.039833835117,10.101639344262296,-0.5540360277985874,-0.010061667293473428,-0.19144036597949965,False,0.02415590301715332,False
CUST_00208,8,6089.9400000000005,761.2425000000001,4314.59,8,1.0,1,8,Retail,4601.039833835117,10.101639344262296,-0.8345498999516312,-0.2080493140360141,-0.1909419297579968,False,0.025242190784177367,False
CUST_00209,6,3868.38,644.73,1966.47,6,1.0,1,6,Small Business,3107.062346840979,9.364583333333334,-0.7924953126711451,-0.3592880595198513,-0.16314840863952446,False,0.08581516018533399,False
CUST_00210,6,2143.18,357.19666666666666,1635.58,6,1.0,1,6,Retail,4601.039833835117,10.101639344262296,-0.9223660997320038,-0.4060369607785547,-0.16875814871795158,False,0.07358933918659882,False
CUST_00211,6,2695.11,449.185,1511.09,6,1.0,1,6,Retail,4601.039833835117,10.101639344262296,-0.9023731553899712,-0.4060369607785547,-0.16897444669294126,False,0.07311794117392047,False
CUST_00212,8,2073.5299999999997,259.19124999999997,1077.17,8,1.0,1,8,Retail,4601.039833835117,10.101639344262296,-0.9436668100463668,-0.2080493140360141,-0.1866565810254031,False,0.03458164426854213,False
CUST_00213,12,3957.24,329.77,2323.56,12,1.0,1,12,Retail,4601.039833835117,10.101639344262296,-0.9283270710887426,0.18792597944906722,-0.17742385521532333,False,0.054703370321148546,False
CUST_00214,15,4472.6,298.17333333333335,1224.4,15,1.0,1,15,HNW,2351.45646732191,10.303030303030303,-0.8731963196639055,0.455882308693776,-0.13054064235410534,False,0.1568802555731228,False
CUST_00215,14,8334.76,595.34,5406.16,14,1.0,1,14,Retail,4601.039833835117,10.101639344262296,-0.8706075099605532,0.3859136261916079,-0.16011600613342725,False,0.09242395305583276,False
CUST_00216,15,43650.54,2910.036,20958.74,14,1.0,1,14,Retail,4601.039833835117,10.101639344262296,-0.36752644935440243,0.48490744956287823,-0.11548809407821653,False,0.18968565443706356,False
CUST_00217,6,6143.03,1023.8383333333333,3157.73,6,1.0,1,6,Retail,4601.039833835117,10.101639344262296,-0.7774767506723784,-0.4060369607785547,-0.1576572703904548,False,0.09778250134087231,False
CUST_00218,14,4446.75,317.625,1483.92,14,1.0,1,14,HNW,2351.45646732191,10.303030303030303,-0.8649241415782324,0.3588234945847785,-0.15781529681838163,False,0.09743809985454806,False
CUST_00219,16,54460.1,3403.75625,47071.21,15,1.0,1,15,HNW,2351.45646732191,10.303030303030303,0.4475097867446602,0.5529411228027734,-0.0630329807631968,False,0.30400589332371303,False
CUST_00220,4,9615.720000000001,2403.9300000000003,8124.47,4,1.0,1,4,Small Business,3107.062346840979,9.364583333333334,-0.2263013316516059,-0.5728586707514657,-0.02784968250605968,False,0.3806840817287406,False
CUST_00221,7,4435.97,633.71,1310.17,7,1.0,1,7,Small Business,3107.062346840979,9.364583333333334,-0.7960420712380138,-0.25250275390404414,-0.18308207631447565,False,0.042371890187955175,False
CUST_00222,9,80248.97,8916.552222222223,69506.31,9,1.0,1,9,Retail,4601.039833835117,10.101639344262296,0.9379428440748886,-0.10905549066474375,-0.12525838327476624,False,0.16839236719863157,False
CUST_00223,4,3433.76,858.44,2546.73,4,1.0,1,4,Retail,4601.039833835117,10.101639344262296,-0.8134247840019487,-0.6040246075210954,-0.06300030214009578,False,0.304077112843857,False
CUST_00224,17,18046.77,1061.5747058823529,11191.19,16,1.0,1,16,HNW,2351.45646732191,10.303030303030303,-0.548545881591449,0.6499999369117709,-0.07411429560377225,False,0.27985536767057284,False
CUST_00225,10,9284.11,928.4110000000001,5432.53,10,1.0,1,10,HNW,2351.45646732191,10.303030303030303,-0.6051761903708344,-0.029411761851211325,-0.19756435063064265,False,0.010809341661877768,False
CUST_00226,7,7435.58,1062.2257142857143,4213.21,7,1.0,1,7,Retail,4601.039833835117,10.101639344262296,-0.7691335538450559,-0.3070431374072844,-0.18542346813807264,False,0.037269080267531014,False
CUST_00227,7,878.54,125.50571428571428,293.68,7,1.0,1,7,Small Business,3107.062346840979,9.364583333333334,-0.9596063093574787,-0.25250275390404414,-0.16938236539795593,False,0.0722289265315623,False
CUST_00228,6,3096.69,516.115,1585.78,6,1.0,1,6,Small Business,3107.062346840979,9.364583333333334,-0.8338897185765726,-0.3592880595198513,-0.16462528514977226,False,0.08259646776837822,False
CUST_00229,17,4822640.720000001,283684.74823529413,4797669.95,16,1.0,1,16,Retail,4601.039833835117,10.101639344262296,60.656659889896446,0.6828950963054189,0.256319481126682,True,1.0,True
CUST_00230,5,31702.7,6340.54,25863.39,5,1.0,1,5,Small Business,3107.062346840979,9.364583333333334,1.0406864398475573,-0.4660733651356585,-0.025362676119663252,False,0.38610424281957656,False
CUST_00231,10,2799.11,279.911,1997.68,10,1.0,1,10,HNW,2351.45646732191,10.303030303030303,-0.8809627119315735,-0.029411761851211325,-0.19243056357017324,False,0.021997874600915457,False
CUST_00232,11,3132.1299999999997,284.73909090909086,1234.6,11,1.0,1,11,Retail,4601.039833835117,10.101639344262296,-0.938114186764198,0.08893215607779689,-0.18667870119639585,False,0.03453343575134922,False
CUST_00233,15,24788.739999999998,1652.5826666666665,10032.22,15,1.0714285714285714,2,15,Retail,4601.039833835117,10.101639344262296,-0.640824090425227,0.48490744956287823,0.10041200959098928,True,0.6602165496596032,False
CUST_00234,11,1837.1200000000001,167.0109090909091,542.48,11,1.0,1,11,Small Business,3107.062346840979,9.364583333333334,-0.946247969498597,0.1746384685591846,-0.17072370392886416,False,0.06930562446260291,False
CUST_00235,7,1164.6299999999999,166.37571428571428,324.46,7,1.0,1,7,Retail,4601.039833835117,10.101639344262296,-0.9638395403521481,-0.3070431374072844,-0.17872080807138718,False,0.051876802023802265,False
CUST_00236,16,9513.64,594.6025,4115.86,14,1.0,1,14,Retail,4601.039833835117,10.101639344262296,-0.87076779981382,0.5839012729341485,-0.12158008051895247,False,0.17640882971615027,False
CUST_00237,6,20604.879999999997,3434.146666666666,14973.57,6,1.0,1,6,HNW,2351.45646732191,10.303030303030303,0.46043386893630456,-0.4176470182872012,-0.09322744419814555,False,0.23820033015187328,False
CUST_00238,15,15948.38,1063.2253333333333,7243.23,15,1.0,1,15,Retail,4601.039833835117,10.101639344262296,-0.7689162944681536,0.48490744956287823,-0.14246009106478402,False,0.13090310791511206,False
CUST_00239,8,5693.64,711.705,2842.33,8,1.0,1,8,Retail,4601.039833835117,10.101639344262296,-0.8453164878922408,-0.2080493140360141,-0.1922400903806094,False,0.022412990290432127,False
CUST_00240,5,1512.08,302.416,1314.09,5,1.0,1,5,Retail,4601.039833835117,10.101639344262296,-0.9342722489141766,-0.505030784149825,-0.13390652060684122,False,0.14954468842630728,False
CUST_00241,18,171387.7,9521.53888888889,159056.97,17,1.0,1,17,Small Business,3107.062346840979,9.364583333333334,2.0644827248172772,0.922135607869835,0.08697952423066901,True,0.6309419024767605,False
CUST_00242,9,9435.86,1048.4288888888889,6835.62,9,1.0,1,9,Small Business,3107.062346840979,9.364583333333334,-0.6625658668814881,-0.03893214267242977,-0.19823598361561845,False,0.009345590305065776,False
CUST_00243,13,11151.09,857.7761538461539,6575.55,13,1.0,1,13,Retail,4601.039833835117,10.101639344262296,-0.8135690657681747,0.2869198028203376,-0.17150774059715057,False,0.06759690145068005,False
CUST_00244,12,9259.99,771.6658333333334,2703.58,12,1.0,1,12,Retail,4601.039833835117,10.101639344262296,-0.8322844700254617,0.18792597944906722,-0.1825314515433778,False,0.043571917247105366,False
CUST_00245,16,20636.88,1289.805,7916.21,16,1.0,1,16,HNW,2351.45646732191,10.303030303030303,-0.4514867621936227,0.5529411228027734,-0.08843404374631403,False,0.24864702733927305,False
CUST_00246,9,5709.49,634.3877777777777,2667.35,9,1.0,1,9,Retail,4601.039833835117,10.101639344262296,-0.8621207810515485,-0.10905549066474375,-0.19922944867323927,False,0.007180440798464069,False
CUST_00247,6,1478.87,246.47833333333332,868.02,5,1.0,1,5,Small Business,3107.062346840979,9.364583333333334,-0.9206715840431702,-0.3592880595198513,-0.1276156422872069,False,0.16325497645844683,False
CUST_00248,12,7035.4800000000005,586.2900000000001,2591.15,12,1.0,1,12,HNW,2351.45646732191,10.303030303030303,-0.7506694217399658,0.1647058663667836,-0.17508640718124746,False,0.059797585179400876,False
CUST_00249,10,13435.490000000002,1343.5490000000002,6080.17,10,1.0,1,10,Small Business,3107.062346840979,9.364583333333334,-0.5675822205712739,0.06785316294337743,-0.20041269764564035,False,0.004601677802092065,False
CUST_00250,7,2687.1800000000003,383.8828571428572,1088.05,7,1.0,1,7,Retail,4601.039833835117,10.101639344262296,-0.9165660650802396,-0.3070431374072844,-0.18542713932743732,False,0.03726107930787914,False
CUST_00251,11,4099.41,372.6736363636364,920.51,11,1.0,1,11,HNW,2351.45646732191,10.303030303030303,-0.8415136991119421,0.06764705225778614,-0.18267650072113262,False,0.04325579827217037,False
CUST_00252,12,6867.27,572.2725,3257.34,12,1.0,1,12,Small Business,3107.062346840979,9.364583333333334,-0.8158155720957264,0.2814237741749918,-0.1768007736489171,False,0.05606130911902417,False
CUST_00253,13,12896.57,992.0438461538462,4270.92,13,1.0,1,13,Retail,4601.039833835117,10.101639344262296,-0.7843870336346702,0.2869198028203376,-0.17146678930418674,False,0.06768615035890807,False
CUST_00254,6,7018.67,1169.7783333333334,2916.36,6,1.0,1,6,HNW,2351.45646732191,10.303030303030303,-0.5025303040510326,-0.4176470182872012,-0.15128872413145644,False,0.11166205823587004,False
CUST_00255,11,70826.24,6438.749090909091,42779.86,11,1.0,1,11,Retail,4601.039833835117,10.101639344262296,0.39941172496713023,0.08893215607779689,-0.1353832606570483,False,0.1463262934092324,False
CUST_00256,10,16342.99,1634.299,12043.48,9,1.0,1,9,Retail,4601.039833835117,10.101639344262296,-0.6447979022858065,-0.010061667293473428,-0.19048197285144114,False,0.026244617051359786,False
CUST_00257,16,8951.03,559.439375,3315.02,16,1.0,1,16,Retail,4601.039833835117,10.101639344262296,-0.8784102298431745,0.5839012729341485,-0.09756278106434874,False,0.22875193294373047,False
CUST_00258,11,2312.79,210.25363636363636,699.15,10,1.0,1,10,HNW,2351.45646732191,10.303030303030303,-0.9105857836638237,0.06764705225778614,-0.1846202227849968,False,0.03901966652776371,False
CUST_00259,7,58996.270000000004,8428.038571428571,51295.8,7,1.0,1,7,Retail,4601.039833835117,10.101639344262296,0.8317682252213316,-0.3070431374072844,-0.0997568560636265,False,0.2239701840883555,False
CUST_00260,13,26500.789999999997,2038.5223076923075,14887.76,13,1.0,1,13,Retail,4601.039833835117,10.101639344262296,-0.5569431298424391,0.2869198028203376,-0.1617548463448069,False,0.08885227829198615,False
CUST_00261,4,859.6,214.9,409.93,4,1.0,1,4,Small Business,3107.062346840979,9.364583333333334,-0.9308349891500154,-0.5728586707514657,-0.07528011139162732,False,0.2773145984120064,False
CUST_00262,11,6856.91,623.3554545454546,4845.15,10,1.0,1,10,Retail,4601.039833835117,10.101639344262296,-0.8645185701662604,0.08893215607779689,-0.19631588491444457,False,0.013530237488761608,False
CUST_00263,6,3686.72,614.4533333333333,1666.97,6,1.0,1,6,HNW,2351.45646732191,10.303030303030303,-0.738692447591075,-0.4176470182872012,-0.1602001940692448,False,0.09224047456678182,False
CUST_00264,7,2289.13,327.0185714285714,618.44,7,1.0,1,7,Retail,4601.039833835117,10.101639344262296,-0.9289250725558452,-0.3070431374072844,-0.183936888019124,False,0.040508920648805936,False
CUST_00265,8,3193.52,399.19,2035.05,8,1.0,1,8,Retail,4601.039833835117,10.101639344262296,-0.9132391773751497,-0.2080493140360141,-0.19104342345237585,False,0.02502099626845452,False
CUST_00266,10,16133.48,1613.348,6537.48,10,1.0,1,10,Retail,4601.039833835117,10.101639344262296,-0.6493514381716244,-0.010061667293473428,-0.197736110850805,False,0.010435008862665964,False
CUST_00267,13,9889.77,760.7515384615385,3500.27,12,1.0,1,12,HNW,2351.45646732191,10.303030303030303,-0.676476452058481,0.26176468047578105,-0.1730696736016365,False,0.0641928376156555,False
CUST_00268,11,16708.190000000002,1518.926363636364,11271.18,10,1.0,1,10,Retail,4601.039833835117,10.101639344262296,-0.6698732418840715,0.08893215607779689,-0.19360767969227455,False,0.019432477487619806,False
CUST_00269,17,12157.9,715.1705882352941,4144.33,17,1.0,1,17,HNW,2351.45646732191,10.303030303030303,-0.6958605873126509,0.6499999369117709,-0.05394896539549171,False,0.32380352107163907,False
CUST_00270,14,109935.5,7852.535714285715,102201.55,14,1.0,1,14,Retail,4601.039833835117,10.101639344262296,0.7066871831521794,0.3859136261916079,-0.0877268563735405,False,0.25018826563395696,False
CUST_00271,11,135095.24,12281.385454545454,99403.11,11,1.0,1,11,Small Business,3107.062346840979,9.364583333333334,2.952732221186191,0.1746384685591846,-0.062320485081338806,False,0.30555870050318756,False
CUST_00272,9,16264.23,1807.1366666666665,15152.38,9,1.0,1,9,Retail,4601.039833835117,10.101639344262296,-0.607232988077047,-0.10905549066474375,-0.18529811679742908,False,0.03754226993964313,False
CUST_00273,9,10770.82,1196.7577777777778,6258.88,9,1.0,1,9,Retail,4601.039833835117,10.101639344262296,-0.7398940627036181,-0.10905549066474375,-0.19648868695420596,False,0.013153634156556704,False
CUST_00274,6,3984.48,664.08,1657.33,6,1.0,1,6,Small Business,3107.062346840979,9.364583333333334,-0.7862675650968342,-0.3592880595198513,-0.1632128821016065,False,0.08567464725682682,False
CUST_00275,8,6896.55,862.06875,4557.86,8,1.0,1,8,HNW,2351.45646732191,10.303030303030303,-0.6333894492143394,-0.22352939006920625,-0.18580183515435233,False,0.03644447033049485,False
CUST_00276,11,6180.9400000000005,561.9036363636365,1687.43,11,1.0,1,11,HNW,2351.45646732191,10.303030303030303,-0.7610401702377113,0.06764705225778614,-0.18834509930132487,False,0.030901701542871245,False
CUST_00277,11,18616.63,1692.4209090909092,14776.9,11,1.0,1,11,Retail,4601.039833835117,10.101639344262296,-0.6321655602115519,0.08893215607779689,-0.1846314086737904,False,0.038995288094504664,False
CUST_00278,11,56360.88,5123.716363636363,49622.39,11,1.0,1,11,Retail,4601.039833835117,10.101639344262296,0.11359965324446634,0.08893215607779689,-0.149655534430844,False,0.11522141832341691,False
CUST_00279,8,6209.26,776.1575,4603.14,8,1.0,1,8,Retail,4601.039833835117,10.101639344262296,-0.8313082414276001,-0.2080493140360141,-0.1909419297579968,False,0.025242190784177367,False
CUST_00280,12,10742.619999999999,895.2183333333332,4143.45,11,1.0,1,11,HNW,2351.45646732191,10.303030303030303,-0.619291980781513,0.1647058663667836,-0.17991078643264663,False,0.04928337305316708,False
CUST_00281,11,59231.310000000005,5384.664545454546,55505.83,11,1.0,1,11,Retail,4601.039833835117,10.101639344262296,0.17031469836155222,0.08893215607779689,-0.14519132091477688,False,0.12495068823334717,False
CUST_00282,6,8756.779999999999,1459.4633333333331,3395.97,6,1.0,1,6,HNW,2351.45646732191,10.303030303030303,-0.3793364436064333,-0.4176470182872012,-0.14533854634257443,False,0.12462982635711925,False
CUST_00283,9,4799.13,533.2366666666667,2300.4,9,1.0,1,9,HNW,2351.45646732191,10.303030303030303,-0.773231324989314,-0.1264705759602088,-0.19556021133278584,False,0.015177146224936624,False
CUST_00284,12,12461.97,1038.4975,9291.64,12,1.0,1,12,HNW,2351.45646732191,10.303030303030303,-0.5583598867381493,0.1647058663667836,-0.17634111177843248,False,0.05706309238704049,False
CUST_00285,6,2345.34,390.89000000000004,1704.93,6,1.0,1,6,Retail,4601.039833835117,10.101639344262296,-0.9150431174186936,-0.4060369607785547,-0.16895298644214796,False,0.07316471146650423,False
CUST_00286,12,48782.770000000004,4065.2308333333335,26549.64,11,1.0,1,11,Retail,4601.039833835117,10.101639344262296,-0.11645389297547445,0.18792597944906722,-0.15177502741970667,False,0.11060221288294408,False
CUST_00287,10,8832.33,883.233,5317.04,10,1.0,1,10,Retail,4601.039833835117,10.101639344262296,-0.8080362194839262,-0.010061667293473428,-0.20191055638643107,False,0.0013372568859214213,False
CUST_00288,12,276321.07,23026.755833333333,265030.42,11,1.0,1,11,Retail,4601.039833835117,10.101639344262296,4.004685171381159,0.18792597944906722,0.006812337390123657,True,0.4562262003974816,False
CUST_00289,8,944.49,118.06125,402.93,8,1.0,1,8,Small Business,3107.062346840979,9.364583333333334,-0.9620022909800835,-0.14571744828823696,-0.173012430174106,False,0.06431759346682822,False
CUST_00290,7,33542.17,4791.738571428571,26773.47,7,1.0,1,7,Small Business,3107.062346840979,9.364583333333334,0.5422086961847522,-0.25250275390404414,-0.12709966443825277,False,0.16437949430284476,False
CUST_00291,14,45497.65,3249.832142857143,30024.42,13,1.0,1,13,HNW,2351.45646732191,10.303030303030303,0.3820507364851829,0.3588234945847785,-0.13548099053501333,False,0.14611330172378453,False
CUST_00292,18,8408.48,467.1377777777777,1738.81,16,1.0,1,16,Retail,4601.039833835117,10.101639344262296,-0.8984712596398291,0.7818889196766892,-0.027689062795568486,False,0.38103413499357647,False
CUST_00293,8,4142.2,517.775,2440.44,7,1.0,1,7,Retail,4601.039833835117,10.101639344262296,-0.8874656556807325,-0.2080493140360141,-0.18474836638019337,False,0.0387403914392382,False
CUST_00294,9,13131.45,1459.0500000000002,3445.0,9,1.0,1,9,Retail,4601.039833835117,10.101639344262296,-0.6828869009232807,-0.10905549066474375,-0.19472221173393228,False,0.017003475600159305,False
CUST_00295,12,17981.969999999998,1498.4974999999997,15778.58,12,1.0,1,12,Retail,4601.039833835117,10.101639344262296,-0.6743132955175338,0.18792597944906722,-0.17187866997151363,False,0.06678850104874787,False
CUST_00296,6,751.26,125.21,354.92,6,1.0,1,6,Retail,4601.039833835117,10.101639344262296,-0.9727865861860143,-0.4060369607785547,-0.15941877591383763,False,0.09394349081345406,False
CUST_00297,10,5428.21,542.821,2932.58,10,1.0,1,10,Retail,4601.039833835117,10.101639344262296,-0.8820221035927083,-0.010061667293473428,-0.1992609842016549,False,0.007111712529396397,False
CUST_00298,8,129940.73,16242.59125,126504.33,8,1.0,1,8,HNW,2351.45646732191,10.303030303030303,5.907459895522258,-0.22352939006920625,-0.02432070137391351,False,0.3883751139381384,False
CUST_00299,10,4321.89,432.189,1082.47,10,1.0,1,10,Small Business,3107.062346840979,9.364583333333334,-0.8609010851358302,0.06785316294337743,-0.19738372967731,False,0.011202985469468421,False
CUST_00300,8,101342.69,12667.83625,83295.19,7,1.0,1,7,Retail,4601.039833835117,10.101639344262296,1.7532550696670863,-0.2080493140360141,-0.06287478117259448,False,0.304350672199336,False
CUST_00301,8,249226.96,31153.37,199497.52,8,1.0,1,8,Retail,4601.039833835117,10.101639344262296,5.770941160981365,-0.2080493140360141,0.024565020060449028,True,0.4949162497652591,False
CUST_00302,15,179681.51,11978.767333333333,174243.67,13,1.0,1,13,Retail,4601.039833835117,10.101639344262296,1.6034913333373921,0.48490744956287823,-0.035561075605368364,False,0.3638779355677827,False
CUST_00303,6,1577.45,262.90833333333336,482.05,6,1.0,1,6,Retail,4601.039833835117,10.101639344262296,-0.9428589310740546,-0.4060369607785547,-0.16422324005351213,False,0.0834726815165335,False
CUST_00304,5,3642.2,728.4399999999999,3062.2,5,1.0,1,5,Retail,4601.039833835117,10.101639344262296,-0.8416792666116735,-0.505030784149825,-0.1250134145233026,False,0.1689262500637567,False
CUST_00305,17,31021.780000000002,1824.8105882352943,18610.83,17,1.0,1,17,Retail,4601.039833835117,10.101639344262296,-0.6033916995416128,0.6828950963054189,-0.03579643516818898,False,0.36336499488868584,False
CUST_00306,11,14765.83,1342.3481818181817,9937.69,11,1.0,1,11,Retail,4601.039833835117,10.101639344262296,-0.7082511277874458,0.08893215607779689,-0.18847984610861407,False,0.030608035468679316,False
CUST_00307,11,5405.38,491.39818181818185,2922.73,11,1.0,1,11,HNW,2351.45646732191,10.303030303030303,-0.7910239081870555,0.06764705225778614,-0.1888470913059468,False,0.029807664331609824,False
CUST_00308,13,205927.55,15840.580769230768,126050.59,12,1.0,1,12,Small Business,3107.062346840979,9.364583333333334,4.098250049999157,0.388209079790799,-0.029326348199593788,False,0.3774658487639821,False
CUST_00309,4,197.87,49.4675,82.98,4,1.0,1,4,HNW,2351.45646732191,10.303030303030303,-0.978963037731546,-0.6117646465051961,-0.057578711876684174,False,0.31589288169629565,False
CUST_00310,10,2125.8,212.58,935.63,10,1.0,1,10,Small Business,3107.062346840979,9.364583333333334,-0.9315816751640931,0.06785316294337743,-0.19150090443062756,False,0.024023966018881907,False
CUST_00311,10,8770.07,877.007,5808.73,9,1.0,1,9,HNW,2351.45646732191,10.303030303030303,-0.6270366843635996,-0.029411761851211325,-0.19694079434483364,False,0.012168315059282417,False
CUST_00312,10,20307.66,2030.766,16935.34,9,1.0,1,9,Retail,4601.039833835117,10.101639344262296,-0.5586289026178851,-0.010061667293473428,-0.18475093369309636,False,0.03873479625879118,False
CUST_00313,11,6348.29,577.1172727272727,2424.32,10,1.0,1,10,Retail,4601.039833835117,10.101639344262296,-0.8745680771207766,0.08893215607779689,-0.193323536148296,False,0.0200517375706292,False
CUST_00314,8,1258.23,157.27875,447.18,8,1.0,1,8,Retail,4601.039833835117,10.101639344262296,-0.9658166943460864,-0.2080493140360141,-0.18023708034171504,False,0.04857225081408351,False
CUST_00315,5,23738.83,4747.7660000000005,22587.63,5,1.0,1,5,HNW,2351.45646732191,10.303030303030303,1.0190745884350516,-0.5147058323961986,-0.030753488270869322,False,0.37435555152959954,False
CUST_00316,6,2358.9599999999996,393.1599999999999,2270.91,6,1.0,1,6,Retail,4601.039833835117,10.101639344262296,-0.9145497506838931,-0.4060369607785547,-0.16666593049739764,False,0.07814910222324145,False
CUST_00317,15,7050.8099999999995,470.054,2359.7,15,1.0,1,15,Retail,4601.039833835117,10.101639344262296,-0.8978374415624147,0.48490744956287823,-0.13817790312111744,False,0.14023567280230526,False
CUST_00318,9,108919.8,12102.2,58675.57,9,1.0,1,9,Retail,4601.039833835117,10.101639344262296,1.6303184574435867,-0.10905549066474375,-0.09678182706623861,False,0.23045393760983934,False
CUST_00319,9,12017.45,1335.2722222222224,3971.71,8,1.0,1,8,HNW,2351.45646732191,10.303030303030303,-0.4321509918594734,-0.1264705759602088,-0.17937964458276612,False,0.05044093919541104,False
CUST_00320,12,17221.57,1435.1308333333334,14230.58,10,1.0,1,10,Retail,4601.039833835117,10.101639344262296,-0.6880855446049918,0.18792597944906722,-0.17597963307746955,False,0.05785089606975,False
CUST_00321,9,74968.87,8329.874444444444,67771.29,9,1.0,1,9,Retail,4601.039833835117,10.101639344262296,0.8104330204615482,-0.10905549066474375,-0.12743384929213464,False,0.16365117460408365,False
CUST_00322,19,15573.670000000002,819.6668421052633,6301.6,19,1.0,1,19,Small Business,3107.062346840979,9.364583333333334,-0.7361923414009283,1.028920913485642,0.0679120554628333,True,0.5893864191931403,False
CUST_00323,8,3785.17,473.14625,3201.72,8,1.0,1,8,Small Business,3107.062346840979,9.364583333333334,-0.8477190998987266,-0.14571744828823696,-0.18978275423574759,False,0.027768488302957885,False
CUST_00324,8,39720.87,4965.10875,37494.86,8,1.0,1,8,Retail,4601.039833835117,10.101639344262296,0.07912752969632356,-0.2080493140360141,-0.13083421627536546,False,0.15624044300408318,False
CUST_00325,5,5555.05,1111.01,2018.04,5,1.0,1,5,Small Business,3107.062346840979,9.364583333333334,-0.6424242977383401,-0.4660733651356585,-0.11610158092443579,False,0.1883486262927831,False
CUST_00326,11,6806.849999999999,618.8045454545454,2800.99,10,1.0,1,10,Retail,4601.039833835117,10.101639344262296,-0.8655076746413952,0.08893215607779689,-0.19493246766261974,False,0.0165452455730782,False
CUST_00327,15,27235.75,1815.7166666666667,16496.26,15,1.0,1,15,Small Business,3107.062346840979,9.364583333333334,-0.41561627531280043,0.6017796910224134,-0.11787548245032786,False,0.18448260002031086,False
CUST_00328,10,8534.69,853.469,6421.54,10,1.0,1,10,Small Business,3107.062346840979,9.364583333333334,-0.7253132040967718,0.06785316294337743,-0.20252414818929504,False,0.0,False
CUST_00329,16,2716.67,169.791875,828.28,16,1.0,1,16,Retail,4601.039833835117,10.101639344262296,-0.9630970645560418,0.5839012729341485,-0.07645764211575712,False,0.2747482977184887,False
CUST_00330,12,25642.44,2136.87,20202.62,11,1.0,1,11,Retail,4601.039833835117,10.101639344262296,-0.5355680285961756,0.18792597944906722,-0.17453656202220807,False,0.06099591315849709,False
CUST_00331,8,28655.819999999996,3581.9774999999995,27285.17,8,1.0,1,8,Retail,4601.039833835117,10.101639344262296,-0.22148522299669168,-0.2080493140360141,-0.15246681784670124,False,0.1090945305641858,False
CUST_00332,11,59839.56,5439.96,48691.32,10,1.0,1,10,HNW,2351.45646732191,10.303030303030303,1.3134427850506478,0.06764705225778614,-0.12286321777232018,False,0.17361237102873087,False
CUST_00333,18,22632.23,1257.346111111111,12097.74,17,1.0,1,17,Retail,4601.039833835117,10.101639344262296,-0.7267256626227038,0.7818889196766892,-0.018023119755080086,False,0.40210001108495413,False
CUST_00334,11,13973.699999999999,1270.3363636363636,10117.0,11,1.0,1,11,HNW,2351.45646732191,10.303030303030303,-0.4597661569542368,0.06764705225778614,-0.18558505052853724,False,0.036916928945945754,False
CUST_00335,12,7652.78,637.7316666666667,1504.95,11,1.0,1,11,HNW,2351.45646732191,10.303030303030303,-0.7287929093062155,0.1647058663667836,-0.17951750818853185,False,0.05014048039647064,False
CUST_00336,8,6239.24,779.905,2933.17,8,1.0,1,8,Retail,4601.039833835117,10.101639344262296,-0.8304937516308314,-0.2080493140360141,-0.1926844287965972,False,0.021444602832050744,False
CUST_00337,9,4528.05,503.1166666666667,1910.28,9,1.0,1,9,Retail,4601.039833835117,10.101639344262296,-0.8906515297134573,-0.10905549066474375,-0.20046000285150395,False,0.004498581228790782,False
CUST_00338,12,2500.62,208.385,498.08,11,1.0,1,11,Retail,4601.039833835117,10.101639344262296,-0.9547091508701384,0.18792597944906722,-0.16344720190368628,False,0.08516397262366457,False
CUST_00339,7,1970.15,281.45,676.7,7,1.0,1,7,Retail,4601.039833835117,10.101639344262296,-0.9388290449326036,-0.3070431374072844,-0.18275858221125535,False,0.043076910553395464,False
CUST_00340,11,125846.73,11440.611818181818,94114.12,10,1.0,1,10,Retail,4601.039833835117,10.101639344262296,1.4865274437668075,0.08893215607779689,-0.0733720654596578,False,0.2814729778904661,False
CUST_00341,9,3431.88,381.32,1110.62,8,1.0,1,8,Retail,4601.039833835117,10.101639344262296,-0.9171230820231173,-0.10905549066474375,-0.17946269023566336,False,0.05025995018828231,False
CUST_00342,13,17422.68,1340.206153846154,8569.56,12,1.0,1,12,Retail,4601.039833835117,10.101639344262296,-0.7087166808034858,0.2869198028203376,-0.17002373586311642,False,0.07083112905943302,False
CUST_00343,13,9229.210000000001,709.9392307692308,5318.13,12,1.0,1,12,Retail,4601.039833835117,10.101639344262296,-0.8457002640154989,0.2869198028203376,-0.1759579725714167,False,0.05789810279698546,False
CUST_00344,10,85506.45,8550.645,46550.11,10,1.0,1,10,Retail,4601.039833835117,10.101639344262296,0.858415772943731,-0.010061667293473428,-0.1374100958407345,False,0.14190902562084076,False
CUST_00345,7,94009.33,13429.904285714287,69799.86,7,1.0,1,7,Retail,4601.039833835117,10.101639344262296,1.9188845932249055,-0.3070431374072844,-0.06120799791278003,False,0.3079832458111767,False
CUST_00346,12,22497.559999999998,1874.7966666666664,17731.71,12,1.0,1,12,Retail,4601.039833835117,10.101639344262296,-0.5925276165895548,0.18792597944906722,-0.1694606107749974,False,0.07205839920581926,False
CUST_00347,13,12094.54,930.3492307692309,3840.77,12,1.0,1,12,Small Business,3107.062346840979,9.364583333333334,-0.7005695001853737,0.388209079790799,-0.16093472342088438,False,0.0906396473901365,False
CUST_00348,9,8101.4,900.1555555555556,5842.93,9,1.0,1,9,Retail,4601.039833835117,10.101639344262296,-0.8043582344711837,-0.10905549066474375,-0.1994680426383258,False,0.006660451089895586,False
CUST_00349,11,5342.39,485.6718181818182,3796.94,11,1.0,1,11,Retail,4601.039833835117,10.101639344262296,-0.8944430310068762,0.08893215607779689,-0.1915239709762181,False,0.023973694980739958,False
CUST_00350,7,2878.32,411.18857142857144,1377.17,7,1.0,1,7,Retail,4601.039833835117,10.101639344262296,-0.9106313817769179,-0.3070431374072844,-0.18725147494406058,False,0.03328513739637675,False
CUST_00351,13,17302.94,1330.9953846153844,7584.29,13,1.0,1,13,Retail,4601.039833835117,10.101639344262296,-0.7107185694115856,0.2869198028203376,-0.16983159924990054,False,0.07124987000066023,False
CUST_00352,11,6465.88,587.8072727272728,2584.54,11,1.0,1,11,Retail,4601.039833835117,10.101639344262296,-0.8722446892815615,0.08893215607779689,-0.19137754914069072,False,0.024292805514639394,False
CUST_00353,10,3811.3700000000003,381.13700000000006,2324.32,10,1.0,1,10,Small Business,3107.062346840979,9.364583333333334,-0.8773320396145758,0.06785316294337743,-0.19877864979794302,False,0.008162908128278117,False
CUST_00354,14,12814.1,915.2928571428572,9846.0,13,1.0,1,13,Small Business,3107.062346840979,9.364583333333334,-0.7054153551894858,0.4949943854066062,-0.1510104452603876,False,0.1122685368993827,False
CUST_00355,6,8730.33,1455.055,4391.83,6,1.0,1,6,Small Business,3107.062346840979,9.364583333333334,-0.531694302172249,-0.3592880595198513,-0.14697642652468706,False,0.12106024387309454,False
CUST_00356,11,18633.149999999998,1693.9227272727271,14776.47,10,1.0,1,10,HNW,2351.45646732191,10.303030303030303,-0.2796282852382228,0.06764705225778614,-0.18632804824808957,False,0.03529764587850956,False
CUST_00357,11,23113.649999999998,2101.240909090909,11602.8,11,1.0,1,11,Small Business,3107.062346840979,9.364583333333334,-0.3237210345807803,0.1746384685591846,-0.17927991763910917,False,0.050658283269263873,False
CUST_00358,10,3286.1,328.61,2311.15,10,1.0,1,10,HNW,2351.45646732191,10.303030303030303,-0.8602525688113168,-0.029411761851211325,-0.19281918458429553,False,0.021150917186029624,False
CUST_00359,10,24733.899999999998,2473.39,19799.85,10,1.0,1,10,Retail,4601.039833835117,10.101639344262296,-0.46242804022829403,-0.010061667293473428,-0.18801824006944956,False,0.031614055841791285,False
CUST_00360,12,8928.41,744.0341666666667,7480.2,11,1.0,1,11,HNW,2351.45646732191,10.303030303030303,-0.6835858210900081,0.1647058663667836,-0.18011156575239345,False,0.04884579626901049,False
CUST_00361,9,11706.27,1300.6966666666667,7190.45,9,1.0,1,9,HNW,2351.45646732191,10.303030303030303,-0.44685488113888244,-0.1264705759602088,-0.19144321520338803,False,0.02414969344224296,False
CUST_00362,6,1391.68,231.9466666666667,621.21,6,1.0,1,6,HNW,2351.45646732191,10.303030303030303,-0.9013604245745648,-0.4176470182872012,-0.16306632396370424,False,0.08599405484699156,False
CUST_00363,5,8066.6,1613.3200000000002,6581.88,5,1.0,1,5,Retail,4601.039833835117,10.101639344262296,-0.6493575237524942,-0.505030784149825,-0.10920940417004898,False,0.20336937914634529,False
CUST_00364,12,40511.76,3375.98,36141.18,12,1.0,1,12,Retail,4601.039833835117,10.101639344262296,-0.2662571674689746,0.18792597944906722,-0.15076558547745406,False,0.11280218227939716,False
CUST_00365,12,10837.1,903.0916666666667,5312.05,11,1.0,1,11,Retail,4601.039833835117,10.101639344262296,-0.8037200936994213,0.18792597944906722,-0.18285875041023847,False,0.04285860481134464,False
CUST_00366,13,241948.30000000002,18611.407692307694,235512.16,13,1.0,1,13,HNW,2351.45646732191,10.303030303030303,6.914842542923838,0.26176468047578105,-0.006627610655274063,False,0.42693528910067796,False
CUST_00367,9,5407.92,600.88,2967.27,9,1.0,1,9,Small Business,3107.062346840979,9.364583333333334,-0.8066083220320517,-0.03893214267242977,-0.19696520798240796,False,0.01211510818004401,False
CUST_00368,9,2803.66,311.5177777777778,1352.74,9,1.0,1,9,Small Business,3107.062346840979,9.364583333333334,-0.8997388066595305,-0.03893214267242977,-0.19490049959865818,False,0.016614916506527157,False
CUST_00369,6,1323.63,220.60500000000002,1028.64,6,1.0,1,6,Retail,4601.039833835117,10.101639344262296,-0.9520532295048244,-0.4060369607785547,-0.16618159089464435,False,0.07920466793628256,False
CUST_00370,9,2725.23,302.80333333333334,1281.29,9,1.0,1,9,Retail,4601.039833835117,10.101639344262296,-0.9341880650454779,-0.10905549066474375,-0.19374414283232855,False,0.019135070852035842,False
CUST_00371,9,8581.68,953.52,5763.16,9,1.0,1,9,Small Business,3107.062346840979,9.364583333333334,-0.6931120478922551,-0.03893214267242977,-0.197450921763069,False,0.011056547595068439,False
CUST_00372,9,4773.73,530.4144444444444,1417.37,9,1.0,1,9,Small Business,3107.062346840979,9.364583333333334,-0.829287479276682,-0.03893214267242977,-0.1963070465860634,False,0.013549499668328843,False
CUST_00373,16,16715.52,1044.72,5375.63,14,1.0,1,14,Retail,4601.039833835117,10.101639344262296,-0.7729382838439521,0.5839012729341485,-0.12465272782685233,False,0.16971232765840039,False
CUST_00374,8,1052.09,131.51125,521.06,8,1.0,1,8,Small Business,3107.062346840979,9.364583333333334,-0.9576734431829526,-0.14571744828823696,-0.17275678909313374,False,0.06487473551836626,False
CUST_00375,8,1652.3200000000002,206.54000000000002,364.12,8,1.0,1,8,HNW,2351.45646732191,10.303030303030303,-0.9121650756531356,-0.22352939006920625,-0.18234110386292918,False,0.043986759403097334,False
CUST_00376,14,12607.15,900.5107142857142,6182.57,14,1.0,1,14,HNW,2351.45646732191,10.303030303030303,-0.6170412986941862,0.3588234945847785,-0.16301991649516928,False,0.0860951948990048,False
CUST_00377,14,10906.41,779.0292857142857,3346.97,13,1.0,1,13,HNW,2351.45646732191,10.303030303030303,-0.6687035047388179,0.3588234945847785,-0.16656886862841108,False,0.07836063805546223,False
CUST_00378,7,7692.04,1098.8628571428571,6494.61,7,1.0,1,7,HNW,2351.45646732191,10.303030303030303,-0.5326884112266608,-0.3205882041782037,-0.179641765608631,False,0.049869674805719875,False
CUST_00379,15,10649.69,709.9793333333333,4128.39,15,1.0,1,15,Retail,4601.039833835117,10.101639344262296,-0.845691548037037,0.48490744956287823,-0.1385751572998013,False,0.13936990034017896,False
CUST_00380,12,37723.69,3143.6408333333334,24859.89,11,1.0,1,11,Retail,4601.039833835117,10.101639344262296,-0.3167542670392922,0.18792597944906722,-0.15704378772606353,False,0.09911952037131154,False
CUST_00381,10,13399.130000000001,1339.913,5786.43,10,1.0,1,10,Small Business,3107.062346840979,9.364583333333334,-0.5687524577898887,0.06785316294337743,-0.2003920737410747,False,0.004646625368644067,False
CUST_00382,9,1063413.83,118157.09222222223,1017065.15,9,1.0,1,9,Retail,4601.039833835117,10.101639344262296,24.680519287974498,-0.10905549066474375,0.1933632362859029,True,0.8627936821643761,True
CUST_00383,10,17914.149999999998,1791.4149999999997,12019.72,10,1.0,1,10,Retail,4601.039833835117,10.101639344262296,-0.6106499692880408,-0.010061667293473428,-0.19401189570646749,False,0.018551532458927735,False
CUST_00384,10,15207.919999999998,1520.792,5092.19,10,1.0,1,10,Retail,4601.039833835117,10.101639344262296,-0.6694677604210529,-0.010061667293473428,-0.1987783737326072,False,0.008163509782781254,False
CUST_00385,12,2460.94,205.07833333333335,1506.33,12,1.0,1,12,HNW,2351.45646732191,10.303030303030303,-0.9127866762170235,0.1647058663667836,-0.16776716825726729,False,0.07574907378324476,False
CUST_00386,8,2174.44,271.805,722.99,8,1.0,1,8,HNW,2351.45646732191,10.303030303030303,-0.8844099371339967,-0.22352939006920625,-0.18639486390556037,False,0.03515202838879873,False
CUST_00387,10,14546.71,1454.6709999999998,11599.19,9,1.0,1,9,Small Business,3107.062346840979,9.364583333333334,-0.5318178915814757,0.06785316294337743,-0.18650079044169188,False,0.03492117297452739,False
CUST_00388,5,18142.33,3628.4660000000003,9480.14,5,1.0,1,5,HNW,2351.45646732191,10.303030303030303,0.5430717301730078,-0.5147058323961986,-0.05462965941958964,False,0.3223200221613182,False
CUST_00389,7,2422.9900000000002,346.1414285714286,1303.38,7,1.0,1,7,Retail,4601.039833835117,10.101639344262296,-0.9247688692128366,-0.3070431374072844,-0.18545666018482776,False,0.03719674179613369,False
CUST_00390,15,11328.0,755.2,7395.26,15,1.0,1,15,Retail,4601.039833835117,10.101639344262296,-0.8358631900375486,0.48490744956287823,-0.1399035958639845,False,0.1364747123517055,False
CUST_00391,12,14393.26,1199.4383333333333,6394.81,12,1.0,1,12,Retail,4601.039833835117,10.101639344262296,-0.7393114649318577,0.18792597944906722,-0.17990677247629683,False,0.04929212103634337,False
CUST_00392,10,3845.7799999999997,384.578,1486.43,10,1.0,1,10,Retail,4601.039833835117,10.101639344262296,-0.9164149812204828,-0.010061667293473428,-0.19803534447872345,False,0.009782861575877797,False
CUST_00393,12,7134.27,594.5225,1529.44,11,1.0,1,11,Retail,4601.039833835117,10.101639344262296,-0.8707851871877337,0.18792597944906722,-0.1824793886442867,False,0.04368538269756549,False
CUST_00394,5,176.31,35.262,68.09,5,1.0,1,5,Small Business,3107.062346840979,9.364583333333334,-0.9886510159590126,-0.4660733651356585,-0.1040985100260583,False,0.2145080194530872,False
CUST_00395,7,23577.629999999997,3368.2328571428566,19731.32,7,1.0,1,7,Retail,4601.039833835117,10.101639344262296,-0.2679409483392224,-0.3070431374072844,-0.14664911184561252,False,0.12177359076986302,False
CUST_00396,9,95052.76000000001,10561.417777777779,35818.71,8,1.0,1,8,Retail,4601.039833835117,10.101639344262296,1.2954414997270411,-0.10905549066474375,-0.10120573122218868,False,0.22081251758501516,False
CUST_00397,9,11582.15,1286.9055555555556,6554.51,8,1.0,1,8,Retail,4601.039833835117,10.101639344262296,-0.7203011487072523,-0.10905549066474375,-0.18114509819107344,False,0.04659332424445448,False
CUST_00398,13,17026.32,1309.716923076923,12941.4,12,1.0,1,12,Retail,4601.039833835117,10.101639344262296,-0.7153432765000483,0.2869198028203376,-0.16805666760088156,False,0.07511814131493122,False
CUST_00399,9,208155.17,23128.352222222224,201324.41,8,1.0,1,8,Retail,4601.039833835117,10.101639344262296,4.026766351404791,-0.10905549066474375,-0.017806773249042562,False,0.4025715148657956,False
CUST_00400,13,10270.21,790.0161538461538,4232.66,13,1.0,1,13,HNW,2351.45646732191,10.303030303030303,-0.6640311375145551,0.26176468047578105,-0.168033752365149,False,0.07516808258962368,False
CUST_00401,10,2848.66,284.866,1061.04,10,1.0,1,10,HNW,2351.45646732191,10.303030303030303,-0.8788555072834109,-0.029411761851211325,-0.18961939070005313,False,0.028124521437683972,False
CUST_00402,13,51204.12,3938.7784615384617,45667.28,13,1.0,1,13,Small Business,3107.062346840979,9.364583333333334,0.2676856855722325,0.388209079790799,-0.13101502519201558,False,0.15584638955079744,False
CUST_00403,12,139270.67,11605.889166666668,127457.27,12,1.0,1,12,Small Business,3107.062346840979,9.364583333333334,2.7353254838066943,0.2814237741749918,-0.06176863139022759,False,0.30676140586042194,False
CUST_00404,10,130661.03,13066.103,125643.67,8,1.0,1,8,Retail,4601.039833835117,10.101639344262296,1.8398152309125217,-0.010061667293473428,-0.055226095240258066,False,0.32102015488069896,False
CUST_00405,10,38269.9,3826.9900000000002,32755.59,10,1.0,1,10,Retail,4601.039833835117,10.101639344262296,-0.16823367360888228,-0.010061667293473428,-0.17155541917168127,False,0.06749299116080248,False
CUST_00406,7,732.24,104.60571428571428,414.1,7,1.0,1,7,Small Business,3107.062346840979,9.364583333333334,-0.9663329204325745,-0.25250275390404414,-0.16942699651277582,False,0.07213165785010228,False
CUST_00407,5,4122.33,824.466,3531.69,5,1.0,1,5,Small Business,3107.062346840979,9.364583333333334,-0.7346477448150016,-0.4660733651356585,-0.12002895682635278,False,0.1797893358265043,False
CUST_00408,12,6524.02,543.6683333333334,1885.02,12,1.0,1,12,HNW,2351.45646732191,10.303030303030303,-0.7687950673731518,0.1647058663667836,-0.17440329735335064,False,0.06128634907248395,False
CUST_00409,10,4682.91,468.291,1509.61,9,1.0,1,9,Retail,4601.039833835117,10.101639344262296,-0.8982206158150373,-0.010061667293473428,-0.19734451173999867,False,0.011288456716764116,False
CUST_00410,10,17173.260000000002,1717.3260000000002,15095.51,9,1.0,1,9,Small Business,3107.062346840979,9.364583333333334,-0.4472830575178745,0.06785316294337743,-0.18348478914816835,False,0.04149422117837768,False
CUST_00411,9,13356.08,1484.0088888888888,6475.09,8,1.0,1,8,HNW,2351.45646732191,10.303030303030303,-0.36889799582471766,-0.1264705759602088,-0.1781809760485743,False,0.05305330745685718,False
CUST_00412,7,6461.76,923.1085714285715,3569.38,7,1.0,1,7,Retail,4601.039833835117,10.101639344262296,-0.7993695761033001,-0.3070431374072844,-0.1856680772925834,False,0.036735981105022436,False
CUST_00413,8,3106.63,388.32875,1952.72,8,1.0,1,8,Retail,4601.039833835117,10.101639344262296,-0.9155997850616487,-0.2080493140360141,-0.19135731683324386,False,0.02433689963767869,False
CUST_00414,7,1444.1100000000001,206.3014285714286,667.24,7,1.0,1,7,Small Business,3107.062346840979,9.364583333333334,-0.933602417178792,-0.25250275390404414,-0.18029289527890596,False,0.0484506082029087,False
CUST_00415,8,4331.66,541.4575,2532.9,8,1.0,1,8,Small Business,3107.062346840979,9.364583333333334,-0.8257333003387443,-0.14571744828823696,-0.1904114602578268,False,0.02639829161303881,False
CUST_00416,14,4143.22,295.94428571428574,1644.02,12,1.0,1,12,Retail,4601.039833835117,10.101639344262296,-0.9356788253660291,0.3859136261916079,-0.1447894714189259,False,0.1258264756915931,False
CUST_00417,7,3400.97,485.8528571428571,2610.72,7,1.0,1,7,Retail,4601.039833835117,10.101639344262296,-0.8944036836055195,-0.3070431374072844,-0.1828737341575784,False,0.04282594935666987,False
CUST_00418,7,24854.86,3550.694285714286,16394.31,7,1.0,1,7,Retail,4601.039833835117,10.101639344262296,-0.22828438479678395,-0.3070431374072844,-0.14515137511881754,False,0.12503774576974336,False
CUST_00419,14,2584.04,184.5742857142857,675.74,14,1.0,1,14,Small Business,3107.062346840979,9.364583333333334,-0.9405952420483156,0.4949943854066062,-0.13272482169637828,False,0.1521200732305478,False
CUST_00420,9,30684.84,3409.4266666666667,26724.38,9,1.0,1,9,Retail,4601.039833835117,10.101639344262296,-0.2589877962252315,-0.10905549066474375,-0.17373292628281933,False,0.06274735022342216,False
CUST_00421,10,6513.629999999999,651.3629999999999,5142.08,9,1.0,1,9,Retail,4601.039833835117,10.101639344262296,-0.8584313493509794,-0.010061667293473428,-0.19718020495137067,False,0.011646545569110045,False
CUST_00422,6,1774.79,295.79833333333335,989.32,6,1.0,1,6,Retail,4601.039833835117,10.101639344262296,-0.9357105469737943,-0.4060369607785547,-0.16489386767663544,False,0.08201112123700417,False
CUST_00423,9,6380.25,708.9166666666666,2303.72,9,1.0,1,9,Retail,4601.039833835117,10.101639344262296,-0.8459225103205238,-0.10905549066474375,-0.20057068135799128,False,0.004257369409739656,False
CUST_00424,12,20212.66,1684.3883333333333,17333.61,11,1.0,1,11,Retail,4601.039833835117,10.101639344262296,-0.6339113776888882,0.18792597944906722,-0.17422096020652578,False,0.061683733137937104,False
CUST_00425,9,11131.539999999999,1236.8377777777778,4862.36,9,1.0,1,9,Retail,4601.039833835117,10.101639344262296,-0.7311829883728661,-0.10905549066474375,-0.19698459009622604,False,0.012072866961947613,False
CUST_00426,15,3814.35,254.29,1096.92,15,1.0,1,15,Retail,4601.039833835117,10.101639344262296,-0.9447320583762968,0.48490744956287823,-0.12531112786392,False,0.1682774160785029,False
CUST_00427,13,63453.990000000005,4881.076153846154,58474.66,12,1.0,1,12,Small Business,3107.062346840979,9.364583333333334,0.5709617665824741,0.388209079790799,-0.11569742087701079,False,0.1892294493479653,False
CUST_00428,6,10105.08,1684.18,4759.37,6,1.0,1,6,Small Business,3107.062346840979,9.364583333333334,-0.45795101209658856,-0.3592880595198513,-0.14440757339224947,False,0.1266587810834011,False
CUST_00429,3,44329.17,14776.39,38156.25,3,1.0,1,3,Retail,4601.039833835117,10.101639344262296,2.211532725521279,-0.7030184308923657,0.10656314162287905,True,0.6736222757913131,False
CUST_00430,11,11977.74,1088.8854545454544,5380.67,9,1.0,1,9,Retail,4601.039833835117,10.101639344262296,-0.7633392679408358,0.08893215607779689,-0.18590022361455227,False,0.036230043336386616,False
CUST_00431,8,5172.97,646.62125,2560.41,8,1.0,1,8,Retail,4601.039833835117,10.101639344262296,-0.8594619316041691,-0.2080493140360141,-0.19226778437493358,False,0.02235263422890097,False
CUST_00432,5,2499.45,499.89,1812.02,5,1.0,1,5,Retail,4601.039833835117,10.101639344262296,-0.8913528204613089,-0.505030784149825,-0.13368033389596684,False,0.1500376378679538,False
CUST_00433,11,5525.36,502.3054545454545,1938.35,11,1.0,1,11,Small Business,3107.062346840979,9.364583333333334,-0.8383342851505718,0.1746384685591846,-0.18814569023379424,False,0.03133629201071298,False
CUST_00434,7,57024.73,8146.39,50967.94,7,1.0,1,7,Retail,4601.039833835117,10.101639344262296,0.7705541124253131,-0.3070431374072844,-0.10012510316910822,False,0.2231676294009761,False
CUST_00435,12,11927.390000000001,993.9491666666668,5225.35,12,1.0,1,12,HNW,2351.45646732191,10.303030303030303,-0.5773048827155252,0.1647058663667836,-0.17789672512290194,False,0.05367280156663943,False
CUST_00436,10,10972.41,1097.241,4216.4,10,1.0,1,10,Retail,4601.039833835117,10.101639344262296,-0.7615232555274495,-0.010061667293473428,-0.20152167781226232,False,0.0021847756250362514,False
CUST_00437,12,20224.93,1685.4108333333334,11495.09,12,1.0,1,12,Small Business,3107.062346840979,9.364583333333334,-0.4575548715639763,0.2814237741749918,-0.16934496561730134,False,0.07231043530332044,False
CUST_00438,10,6241.99,624.199,2706.5,10,1.0,1,10,HNW,2351.45646732191,10.303030303030303,-0.7345479240594012,-0.029411761851211325,-0.19461988099278682,False,0.01722649436866223,False
CUST_00439,12,222850.35,18570.8625,205527.04,12,1.0,1,12,Retail,4601.039833835117,10.101639344262296,3.0362316275545798,0.18792597944906722,-0.03822510274240565,False,0.3580719769212419,False
CUST_00440,17,13495.220000000001,793.8364705882353,3665.57,15,1.0,1,15,Retail,4601.039833835117,10.101639344262296,-0.8274658555272683,0.6828950963054189,-0.0984905199423361,False,0.22673002652787722,False
CUST_00441,14,112072.48,8005.177142857143,87035.09,14,1.0,1,14,Small Business,3107.062346840979,9.364583333333334,1.5764456092809798,0.4949943854066062,-0.06502779531792874,False,0.2996584110284794,False
CUST_00442,9,9248.220000000001,1027.5800000000002,5750.35,9,1.0,1,9,Small Business,3107.062346840979,9.364583333333334,-0.6692760279773464,-0.03893214267242977,-0.197450921763069,False,0.011056547595068439,False
CUST_00443,13,17097.4,1315.1846153846154,6660.84,13,1.0,1,13,HNW,2351.45646732191,10.303030303030303,-0.4406936151689928,0.26176468047578105,-0.16581862219146387,False,0.07999571891746667,False
CUST_00444,9,7551.79,839.0877777777778,2829.23,8,1.0,1,8,Retail,4601.039833835117,10.101639344262296,-0.817630838049928,-0.10905549066474375,-0.18643191598361641,False,0.035071277397199965,False
CUST_00445,7,1513.97,216.28142857142856,485.03,7,1.0,1,7,Retail,4601.039833835117,10.101639344262296,-0.9529929239182127,-0.3070431374072844,-0.18001196137488323,False,0.04906287322321972,False
CUST_00446,9,34508.27,3834.252222222222,32225.48,9,1.0,1,9,Retail,4601.039833835117,10.101639344262296,-0.1666552864436075,-0.10905549066474375,-0.1657770423630504,False,0.08008633765064042,False
CUST_00447,4,1114.33,278.5825,649.86,4,1.0,1,4,Retail,4601.039833835117,10.101639344262296,-0.9394522736163218,-0.6040246075210954,-0.08219215774522876,False,0.2622505419187179,False
CUST_00448,11,20356.140000000003,1850.558181818182,18320.18,11,1.0,1,11,HNW,2351.45646732191,10.303030303030303,-0.21301618475684073,0.06764705225778614,-0.17329484357644281,False,0.06370210404016272,False
CUST_00449,8,2417.59,302.19875,1094.63,8,1.0,1,8,HNW,2351.45646732191,10.303030303030303,-0.871484437381203,-0.22352939006920625,-0.18649793732436049,False,0.03492739103477516,False
CUST_00450,13,78217.95999999999,6016.766153846153,72378.04,13,1.0,1,13,Retail,4601.039833835117,10.101639344262296,0.3076970360683196,0.2869198028203376,-0.11275687858742606,False,0.19563804282450187,False
CUST_00451,12,7909.79,659.1491666666667,4456.45,12,1.0,1,12,Retail,4601.039833835117,10.101639344262296,-0.8567390869611351,0.18792597944906722,-0.18233702229370513,False,0.043995654741210956,False
CUST_00452,11,20129.28,1829.9345454545453,8150.99,11,1.0,1,11,Retail,4601.039833835117,10.101639344262296,-0.6022780475405027,0.08893215607779689,-0.18294669735582542,False,0.042666933967580166,False
CUST_00453,5,1554.85,310.96999999999997,911.41,4,1.0,1,4,Retail,4601.039833835117,10.101639344262296,-0.9324131039584567,-0.505030784149825,-0.092181282488213,False,0.24048032630544766,False
CUST_00454,7,529.0699999999999,75.58142857142856,182.57,7,1.0,1,7,Retail,4601.039833835117,10.101639344262296,-0.9835729677888917,-0.3070431374072844,-0.16281884398212193,False,0.08653341066620876,False
CUST_00455,8,2319.5,289.9375,1412.03,8,1.0,1,8,Retail,4601.039833835117,10.101639344262296,-0.9369843532314494,-0.2080493140360141,-0.18948928594938158,False,0.02840807065218543,False
CUST_00456,4,13335.69,3333.9225,8420.28,4,1.0,1,4,Retail,4601.039833835117,10.101639344262296,-0.2753980359486553,-0.6040246075210954,-0.028069979741051743,False,0.3802039677619836,False
CUST_00457,7,4133.7,590.5285714285714,1532.16,6,1.0,1,6,Retail,4601.039833835117,10.101639344262296,-0.871653236305933,-0.3070431374072844,-0.1637283610882186,False,0.08455121662887947,False
CUST_00458,12,35113.409999999996,2926.1175,17672.35,12,1.0,1,12,Small Business,3107.062346840979,9.364583333333334,-0.058236632092919946,0.2814237741749918,-0.15149444613175156,False,0.11121370941472199,False
CUST_00459,6,3730.5,621.75,2646.6,6,1.0,1,6,Retail,4601.039833835117,10.101639344262296,-0.8648675031473008,-0.4060369607785547,-0.16567551451175377,False,0.08030760660766613,False
CUST_00460,8,10473.779999999999,1309.2224999999999,4152.05,8,1.0,1,8,Retail,4601.039833835117,10.101639344262296,-0.7154507354864235,-0.2080493140360141,-0.18758423510646394,False,0.03255992265840726,False
CUST_00461,11,6903.08,627.5527272727272,2630.93,11,1.0,1,11,Retail,4601.039833835117,10.101639344262296,-0.8636063257871758,0.08893215607779689,-0.19007428481575672,False,0.02713312897489282,False
CUST_00462,12,8144.450000000001,678.7041666666668,6142.09,11,1.0,1,11,Retail,4601.039833835117,10.101639344262296,-0.8524889607501107,0.18792597944906722,-0.18228105462013028,False,0.044117630224794084,False
CUST_00463,16,9249.06,578.06625,2508.61,16,1.0,1,16,Retail,4601.039833835117,10.101639344262296,-0.8743618243373206,0.5839012729341485,-0.10002490076429504,False,0.22338600969092925,False
CUST_00464,8,1471.54,183.9425,1002.85,8,1.0,1,8,Small Business,3107.062346840979,9.364583333333334,-0.9407985806503635,-0.14571744828823696,-0.1833646500070787,False,0.04175605142601293,False
CUST_00465,7,4733.76,676.2514285714286,1949.76,7,1.0,1,7,Retail,4601.039833835117,10.101639344262296,-0.8530220441797886,-0.3070431374072844,-0.188677806051533,False,0.03017660321099701,False
CUST_00466,4,1294.0,323.5,551.78,4,1.0,1,4,Small Business,3107.062346840979,9.364583333333334,-0.8958823593531067,-0.5728586707514657,-0.07606126574969019,False,0.27561215708307835,False
CUST_00467,12,3819.66,318.305,1569.99,12,1.0,1,12,Retail,4601.039833835117,10.101639344262296,-0.9308188991127465,0.18792597944906722,-0.1778642212740188,False,0.053743640185302616,False
CUST_00468,12,4179.69,348.30749999999995,3432.31,12,1.0,1,12,Retail,4601.039833835117,10.101639344262296,-0.9242980905396829,0.18792597944906722,-0.17681023378790456,False,0.05604069177057901,False
CUST_00469,9,7083.33,787.0366666666666,3666.38,9,1.0,1,9,Retail,4601.039833835117,10.101639344262296,-0.8289437396938183,-0.10905549066474375,-0.2003957733649302,False,0.004638562439098753,False
CUST_00470,10,10858.44,1085.844,7571.97,10,1.0,1,10,Small Business,3107.062346840979,9.364583333333334,-0.650523909906563,0.06785316294337743,-0.20211344069519516,False,0.0008950925061597697,False
CUST_00471,15,27335.89,1822.3926666666666,10674.04,15,1.0,1,15,Retail,4601.039833835117,10.101639344262296,-0.6039172158717087,0.48490744956287823,-0.13338107069139848,False,0.15068984961384746,False
CUST_00472,7,7540.67,1077.2385714285715,4772.85,7,1.0,1,7,Small Business,3107.062346840979,9.364583333333334,-0.6532935448890757,-0.25250275390404414,-0.18192431109398244,False,0.04489511410678598,False
CUST_00473,7,193273.53,27610.504285714287,184644.21,7,1.0,1,7,Retail,4601.039833835117,10.101639344262296,5.000927024728473,-0.3070431374072844,0.031600340217926126,True,0.5102489681642592,False
CUST_00474,7,6899.83,985.6899999999999,3223.7,7,1.0,1,7,HNW,2351.45646732191,10.303030303030303,-0.5808172448527502,-0.3205882041782037,-0.17710201944253012,False,0.05540477653501053,False
CUST_00475,16,18442.84,1152.6775,8278.28,15,1.0666666666666667,2,15,Retail,4601.039833835117,10.101639344262296,-0.7494745661028802,0.5839012729341485,0.09239675097897193,True,0.642748161520563,False
CUST_00476,10,56037.22,5603.722,28999.95,9,1.0,1,9,Retail,4601.039833835117,10.101639344262296,0.21792512174605305,-0.010061667293473428,-0.15410068176463698,False,0.1055337010929966,False
CUST_00477,7,4437.47,633.9242857142857,1902.16,7,1.0,1,7,Retail,4601.039833835117,10.101639344262296,-0.862221517424223,-0.3070431374072844,-0.188677806051533,False,0.03017660321099701,False
CUST_00478,12,10068.73,839.0608333333333,5414.47,12,1.0,1,12,Retail,4601.039833835117,10.101639344262296,-0.8176366942140586,0.18792597944906722,-0.18171772306797934,False,0.04534535033717905,False
CUST_00479,14,14152.58,1010.8985714285715,8021.67,14,1.0,1,14,Retail,4601.039833835117,10.101639344262296,-0.780289106654779,0.3859136261916079,-0.16424872846605237,False,0.08341713228164875,False
CUST_00480,14,323917.61,23136.972142857143,261709.71,12,1.0,1,12,Retail,4601.039833835117,10.101639344262296,4.02863982369461,0.3859136261916079,0.025019351574331883,True,0.49590641609830843,False
CUST_00481,10,3682.11,368.211,1760.86,10,1.0,1,10,Retail,4601.039833835117,10.101639344262296,-0.919972220581047,-0.010061667293473428,-0.19509050579679976,False,0.01620081857424284,False
CUST_00482,12,8230.63,685.8858333333333,2637.67,12,1.0,1,12,Retail,4601.039833835117,10.101639344262296,-0.8509280817044017,0.18792597944906722,-0.1825314515433778,False,0.043571917247105366,False
CUST_00483,12,10117.95,843.1625,3944.36,12,1.0,1,12,Retail,4601.039833835117,10.101639344262296,-0.8167452290640261,0.18792597944906722,-0.18186422319002082,False,0.04502606918630009,False
CUST_00484,11,4067.58,369.78,1495.36,10,1.0,1,10,Small Business,3107.062346840979,9.364583333333334,-0.8809872607619377,0.1746384685591846,-0.18716859782833473,False,0.03346575909499203,False
CUST_00485,18,32331.77,1796.2094444444444,28164.94,17,1.0,1,17,HNW,2351.45646732191,10.303030303030303,-0.236128982338215,0.7470587510207684,-0.00035854407316437964,False,0.4405980408129668,False
CUST_00486,14,108432.79,7745.199285714285,105023.51,13,1.0,1,13,HNW,2351.45646732191,10.303030303030303,2.293788080304781,0.3588234945847785,-0.08411422742714675,False,0.25806159919593596,False
CUST_00487,10,17908.85,1790.8849999999998,8961.81,10,1.0,1,10,Retail,4601.039833835117,10.101639344262296,-0.610765160640219,-0.010061667293473428,-0.1948604734248517,False,0.01670214921773678,False
CUST_00488,9,20543.5,2282.6111111111113,16932.05,9,1.0,1,9,Retail,4601.039833835117,10.101639344262296,-0.5038923386776304,-0.10905549066474375,-0.1826276058990215,False,0.04336235924193694,False
CUST_00489,9,10498.96,1166.551111111111,6181.09,9,1.0,1,9,HNW,2351.45646732191,10.303030303030303,-0.5039027395035697,-0.1264705759602088,-0.19255425060317283,False,0.02172831210707856,False
CUST_00490,10,2960.47,296.04699999999997,1099.11,10,1.0,1,10,Small Business,3107.062346840979,9.364583333333334,-0.9047180365705517,0.06785316294337743,-0.19514592314317825,False,0.016080042469186966,False
CUST_00491,10,1692.77,169.277,713.1,10,1.0,1,10,Retail,4601.039833835117,10.101639344262296,-0.9632089686078393,-0.010061667293473428,-0.18888306097647173,False,0.029729272330006662,False
CUST_00492,11,20003.160000000003,1818.4690909090912,9493.03,11,1.0,1,11,Small Business,3107.062346840979,9.364583333333334,-0.4147304146720131,0.1746384685591846,-0.1775616713432191,False,0.054403014995084174,False
CUST_00493,4,723.43,180.8575,471.19,4,1.0,1,4,Retail,4601.039833835117,10.101639344262296,-0.9606920375627477,-0.6040246075210954,-0.0807709492132066,False,0.26534791200564883,False
CUST_00494,6,1086.27,181.045,779.62,6,1.0,1,6,HNW,2351.45646732191,10.303030303030303,-0.923007292102158,-0.4176470182872012,-0.16129687686504574,False,0.08985037317769677,False
CUST_00495,10,10391.17,1039.117,5426.47,10,1.0,1,10,Retail,4601.039833835117,10.101639344262296,-0.7741560520444313,-0.010061667293473428,-0.20195903913875501,False,0.0012315939776312537,False
CUST_00496,7,21000.7,3000.1,17282.09,7,1.0,1,7,Retail,4601.039833835117,10.101639344262296,-0.34795174380238514,-0.3070431374072844,-0.15097684093984248,False,0.11234177387685845,False
CUST_00497,11,5592.25,508.3863636363636,1453.8,11,1.0,1,11,Retail,4601.039833835117,10.101639344262296,-0.8895062023181587,0.08893215607779689,-0.1919428830410686,False,0.023060721501136455,False
CUST_00498,9,24759.01,2751.0011111111107,19584.85,9,1.0,1,9,Small Business,3107.062346840979,9.364583333333334,-0.11459739003219116,-0.03893214267242977,-0.16942990217086062,False,0.07212532528297232,False
CUST_00499,9,2675.17,297.24111111111114,1167.51,9,1.0,1,9,Retail,4601.039833835117,10.101639344262296,-0.9353969705150871,-0.10905549066474375,-0.19182478762193605,False,0.02331809767808937,False
